770766323,"Cy Carter"
162674648,"David Keith"
770947839,"Peter Burroughs"
364614379,"Rachel Hunter"
770949865,"Elizabeth St. Clair"
771494272,"Jordan Drexel"
770859821,"Tata Vega"
770940807,"Dave Emann"
162721066,"Daniel Hugh Kelly"
771096004,"Jacquelynn King"
771446582,"Eric Greitens"
770783980,"C. Jutson Campbell"
770881811,"Dinah Anne Rogers"
162655521,"Robert De Niro"
341817789,"Victor Moore"
770986863,"Danita Aljuwani"
770701113,"Tom Allen"
162661568,"Peter Weller"
162652242,"Liam Neeson"
364655827,"Oscar Isaac"
364599866,"Kenneth Tobey"
770680617,"Downtown Julie Brown"
162664237,"Jon Lovitz"
770929169,"Irene Lamb"
660471647,"Viveca Lindfors"
162661543,"Corey Haim"
770710043,"Seymore Butts"
771246300,"Alex Chilton"
771446508,"Marc Primiani"
770818249,"Fred 'Snowflake' Toones"
770930369,"Keith Colbert"
770671488,"Bruce Boa"
771029130,"Joey "Coco" Diaz"
770719297,"Beatrice Winde"
162656874,"Sandy Duncan"
771402756,"Imman Kannan"
770800440,"Francois Testory"
771380161,"Vanessa Nicole Villalovos"
426555786,"Armin Shimerman"
770887326,"Zoe Rae"
162671862,"Wallace Shawn"
326392221,"Bill Mumy"
770743581,"Margo Lee"
162656398,"Beverly Garland"
166851258,"Ned Eisenberg"
770749959,"Clay Clement"
162652162,"George Lucas"
770962232,"Vanetta Fields"
309684316,"Rena Owen"
771402369,"Abbie Cobb"
770762697,"John Miranda"
770672781,"Richard Webb"
771101336,"Mike Li"
364606969,"Jacques Francois"
551228686,"Daniel Massey"
162660722,"Fredric March"
162661017,"Brett Ratner"
770727784,"Rebecca Mader"
770725803,"William L. Nagle"
770727916,"Romo Vincent"
597096850,"William Hudson"
162652664,"Shirley MacLaine"
162686940,"Kristanna Loken"
770682048,"Barry Williams"
771447958,"Tabitha Fair"
770725812,"Martin Garralaga"
770977971,"Robert Hammack"
771497342,"Pip Andersen"
421513414,"Steve John Shepherd"
770948999,"Lisa Fischer"
162656403,"Billy Dee Williams"
162661798,"Roy Scheider"
162690734,"Lawrence Monoson"
546954190,"Ted White"
162715701,"David Jacobson"
770706404,"Hal K. Dawson"
771027860,"Mousy McCallum"
465973187,"James Brown"
771387694,"Hui Ming Lin"
364653873,"Ruth Hussey"
410753221,"Vaitiare Bandera"
770676179,"Dick Wesson"
770962244,"Daryl T. Bartley"
162669812,"Dwight Schultz"
162680408,"Helen Shaver"
770936879,"Mike Timoney"
770712816,"Stuart Damon"
326393041,"Chris Pine"
326394327,"Ayesha Dharker"
770679943,"Larry Flynt"
395114619,"Lynne Overman"
747403173,"Beryl Reid"
770683161,"Scott Terra"
771018649,"Nick Catanese"
770676831,"Jeff Jensen"
770962233,"Uncle Rudy"
162654606,"John Carpenter"
385328964,"Geoffrey Blake"
771039751,"Adrian Schiller"
770944059,"The Golden Gate Quartet"
747096405,"Darcy DeMoss"
770726013,"Todd Bryant"
162658193,"Caroline Munro"
770968336,"Janice Pendarvis"
518912027,"Gwynyth Walsh"
770727237,"Jason-Shane Scott"
770801755,"Maggie Cooper"
566998376,"Scott Smith"
770938835,"Richard Monohan"
770886904,"John Morton"
770891954,"Mary Selway"
364612568,"Cecil Kellaway"
770912593,"Jack Purvis"
162652821,"Deep Roy"
770708726,"John Garwood"
162652976,"Joe Morton"
771101337,"Kris Michaleski"
770764911,"Nick Turturro"
771075985,"Dan O'Connor"
771017752,"Ursula Weiss"
770721337,"Tami-Adrian George"
770680484,"Zakk Wylde"
771447967,"Jo Lawry"
162665741,"Terry Kiser"
770911006,"Elizabeth Allen (I)"
771399788,"Yasotha M"
770739733,"Kenny Call"
770930619,"Jack Roberts"
162705380,"Dennis Miller"
770925728,"Bob Maroff"
341816529,"Randolph Scott"
162652909,"Seann William Scott"
770716460,"Charles Watts"
387132360,"Tom Reese"
770890803,"Michael Bofshever"
753748749,"Oliver Ford"
770721058,"Joan Shawlee"
770686376,"Connie Gilchrist"
770698104,"Jonathan Hale"
770676628,"Lu Leonard"
771022373,"John Berg"
770723910,"Jeff Monahan"
770695440,"Neva Patterson"
770712580,"Stanley Andrews"
364629414,"Seth MacFarlane"
359854319,"Paul Herman"
225141305,"Billie Whitelaw"
770690764,"Nikolai Sotirov"
445067997,"Mamie Van Doren"
364629215,"Marsha Hunt"
326391862,"Avery Brooks"
770725007,"Robert Ellenstein"
771402757,"Hamaltan Christy"
770678231,"Emmanuel Lewis"
162653104,"Eric Roberts"
162668195,"Amanda Bynes"
770900441,"Erica Campbell"
364624202,"Gene Lockhart"
770705563,"Gavin Rulon"
770926760,"Paula Crist"
770977969,"Rose Marie Klespitz"
770824008,"J.D. Donaruma"
746836128,"Peter Kowanko"
162652153,"Hayden Christensen"
162656605,"Dan O'Bannon"
770825611,"Nejnikov"
771451005,"Andy Hummell"
162655890,"Jeff Bridges"
770743580,"Jo Kennedy"
770731031,"Annette Murphy"
770724267,"Peter Ferdinando"
554063003,"Iman"
770687219,"Scott Wilkinson"
771495911,"Emily Rose Morrison"
770715134,"Deirdre O'Connell"
770930092,"Dick Ryan"
355028248,"Rebecca Hall"
770678688,"Ian Gomez"
770713519,"Kiran Shah"
770705561,"Daniel Boughton"
162676039,"French Stewart"
771034181,"Charlie Haugk"
771027843,"Nalini Krishan"
358169227,"Stan Lee"
162710730,"Dexter Fletcher"
770711177,"Joanne Vannicola"
771067977,"Jacob Browne"
771380155,"Henry T. Yamada"
770799062,"Russell Howell"
770679251,"Meg Wyllie"
771426889,"Paul Epworth"
771067976,"Waleed F. Zuaiter"
358124392,"Danny Trejo"
770782689,"Maureen La Vette"
770728180,"Eddie Dew"
162664308,"Frank Langella"
770904187,"Regan Reese"
576294339,"Florence Henderson"
770938752,"John Storey"
771426760,"Dean Andre"
162657625,"Kevin Spacey"
364601120,"Roger Aaron Brown"
770702449,"Trixie Friganza"
770962239,"Ellen Plasschaert"
162654631,"Tess Harper"
770969177,"Frederic Henry"
770886054,"Edward Byrnes"
364645459,"Kiki"
770805903,"Rush Williams"
162664608,"Louise Fletcher"
771057496,"Sadie Alexandru"
770972251,"Christopher King"
771426754,"Boonee"
771027861,"Michael Kingma"
770698257,"Nobuyo Ohyama"
770962198,"Tina Willson"
162659059,"Bette Midler"
162678577,"Jenny Agutter"
770894446,"Judith Roberts"
770732602,"Matty Roubert"
770719036,"Vera Zorina"
162666782,"Stephen Dorff"
770810918,"Gib Taylor"
364645114,"Dorothy Lyman"
770962276,"Ian Spence"
770947863,"Linda Spriggs"
770962236,"Olin Howard"
771402759,"Seeyon Alfons"
770675361,"Christopher Malcolm"
770824900,"Brad Grunberg"
770696178,"Brett Porter"
770889537,"Harry Northrup"
770736228,"Kevin Thompson"
162712194,"Burt Young"
770703796,"Darryl Henriques"
771028496,"Damonde Tschritter"
771426768,"Adam Kolkman"
771027850,"Chantal Freer"
770726550,"Edgar Dearing"
459518388,"Nat Wolff"
770892255,"Maggie Three"
770720008,"Kirsten Berman"
771063058,"David Acord"
162664301,"Patrick Stewart"
770699639,"Gaku Hamada"
709816875,"Joe Turkel"
770954937,"Sol Schwade"
770789208,"Erin Murphy"
771083343,"Kyle Riabko"
162668996,"Louise Lasser"
771451006,"Jody Stephens"
770725801,"Kevin Arbouet"
770727270,"Victor Laplace"
770992754,"Stephen J. Lang"
771022492,"Jennifer Perkins"
770807378,"Jake Curran"
770729000,"Lee Anne Beaman"
770679337,"Peter Lalonde"
770699386,"Erica Yohn"
770811392,"Pietro Bona"
770757284,"Rab Affleck"
770726711,"Andrew Secombe"
496254254,"Michael Welch"
770779722,"Jeannie Millar"
770692355,"Claire Davenport"
770691403,"Charles Kemper"
770840544,"Carlo Dapporto"
770916922,"Abbott Alexander"
770690312,"Jose Rosete"
770783332,"Chick Hannon"
162683103,"Bridgette Wilson"
770805292,"Harry Jay Knowles"
770708239,"William Hunt"
770715523,"Grandon Rhodes"
770962257,"Sergio Aguirre"
770738078,"Ellen Blake"
432512441,"Bunta Sugawara"
770763749,"Monte Burkhart"
563313563,"Judd Hamilton"
771494266,"Toni Saldana"
162652836,"Owen Wilson"
364611071,"Nicholas Guest"
770933545,"Gilly Gilchrist"
162686934,"Bob Ivy"
770797633,"Shane Stevens"
751431018,"Madge Sinclair"
428742412,"Tony Azito"
162657814,"Charles Martin Smith"
770733095,"Starship"
770695744,"Prashanth"
364651482,"Matt Walsh"
309945691,"Michael Pennington"
381421261,"Al Lewis"
771067989,"Edward Holley"
347990563,"Kelly Carlson"
162652369,"Jimmy Bennett"
770962270,"Doreen Lipson"
771027847,"Orli Shoshan"
770903945,"Stephen Hogan"
770681000,"Leif Garrett"
770723369,"Nagatoshi Sakamoto"
162653468,"Whoopi Goldberg"
770939610,"Orwin Harvey"
770948274,"John Maio"
770688598,"Georgi Burkov"
770962258,"Susan Asher"
770926051,"Harry "Snub" Pollard"
770676851,"Maureen Teefy"
770712307,"Helen Kleeb"
326297852,"Adam Herschman"
162675633,"Adam Arkin"
770759380,"Ralph Murphy"
573373046,"James Arness"
162656962,"Judy Garland"
770801564,"Maudie Prickett"
770717933,"Don Kingsley"
771027864,"Julian Khazzouh"
364600919,"Spalding Gray"
326392219,"Jane Lynch"
770695235,"China Kantner"
335719642,"Ken Jacobs"
771380158,"Michael Bernardi"
162683290,"John Mellencamp"
162673291,"Larry Miller"
162659119,"Geoffrey Rush"
351527582,"Jake Busey"
770679678,"Richard Gilliland"
770949409,"Ron Falk"
770720191,"Beenie Man"
770673532,"Irving Bacon"
335719189,"Joel McCrea"
770884629,"Michael Goldstein"
771260133,"Martha Wash"
770698273,"Sachiko Chijimatsu"
771067987,"J.J. Raschel"
771032082,"Tim Conlin"
770870552,"Curtis Credel"
770674997,"Cliff Bole"
770928160,"Jeff Ramsey"
162674863,"Dick Miller"
429080635,"Larry Hagman"
162675226,"Marina Sirtis"
771381692,"Emily Peachey"
770687160,"Eddie 'Rochester' Anderson"
771494267,"Bethany Leo"
770827012,"Shelagh Fraser"
771451003,"Mitch Easter"
428920281,"Leeanna Walsman"
770927799,"Maurice Shrog"
364658922,"Tony Calabretta"
770852946,"Jari Ahola"
162661889,"Joseph Mazzello"
770716424,"Michael Culver"
770892260,"Ted LeGarde"
770847621,"Adam Rini"
770685937,"Danny Fendley"
399395912,"Velizar Binev"
326396919,"Muhsen Ghazi"
770719158,"Chandra Wilson"
770674840,"Robert Tinnell"
162656932,"Mary Healy"
770686042,"Chelsea Noble"
405587980,"James Corden"
770721027,"David Pressman"
771494275,"Cheyenne Hurley"
699934086,"Betty Jane Rhodes"
770742943,"David Garfield"
162656078,"Fred MacMurray"
770809114,"Louella Parsons"
162655849,"Gordon MacRae"
770964795,"Bobby Sparrow"
770750665,"Terry Linen"
770824654,"Ruthie Davis"
770962217,"Jim Connors"
770742498,"Captain Barkey & Wickerman"
417267573,"Michael Bergin"
771063926,"Tran Duy Long"
162656287,"John Wayne"
364605007,"Victor Spinetti"
771067988,"Jaime Margarida"
770919767,"Russ Benning"
770749096,"Melissa Rivers"
602816705,"Paul Jabara"
770682681,"Colleen Porch"
162692784,"L.Q. Jones"
162680389,"Wayne Knight"
364601356,"Koji Ishizaka"
770674538,"Miriam Flynn"
381422105,"Jon Van Ness"
440676990,"Brenda Bakke"
326395893,"Ann Doran"
162652518,"Quentin Tarantino"
186033026,"Keith Richards (II)"
770671884,"Mark Hamil"
770962260,"Ingrid Buxbaum"
770932525,"Eddy Donno"
770936271,"Ted Jacques"
770686598,"Brian McKay"
771014734,"Douglas H. Arthurs"
599790325,"James Ransone"
771101334,"Paige Farbacher"
770710488,"Leonard Maltin"
162652680,"Breckin Meyer"
770700115,"Frances Gifford"
770826207,"Burnell Tucker"
770727142,"Tara King"
770857890,"Charlie Hughes"
384723867,"Scott McGinnis"
770885353,"Newell Tarrant"
770962201,"Lance Bruckner"
770930938,"Bobby Cummings"
770727234,"Bunny Summers"
351524612,"Peter Davies"
770929432,"Jean Dean"
770783979,"Turbo Bruntley"
771428679,"Krystal Star"
770968369,"Andreijah Pahich"
770698745,"Paul Hurst"
770686547,"Jessica Hecht"
770771828,"Jack O'Connell"
770676738,"Graham Stark"
770742833,"Bruce Taylor"
770822913,"Laurindo Almeida"
162665747,"Mark Hamill"
770734818,"Ken Samson"
771446501,"Monisola Akiwowo"
770928787,"Kenny Vance"
162652316,"Christian Slater"
749190650,"Mark Lenard"
178810494,"Anthony Daniels"
770780974,"Sean Phillips"
771067980,"Fawad Masood Siddiqui"
770726099,"Tasha Simms"
162652152,"Ewan McGregor"
770737420,"Spice Williams"
770715353,"Robin Pearson Rose"
770670716,"John Ince"
162656755,"Ken Sansom"
770724384,"Garrett Wang"
162676944,"Casper Van Dien"
770739875,"I. Stanford Jolley"
465577391,"Mika Shinohara"
364598462,"Jay Brazeau"
162652350,"Matthew McConaughey"
770722435,"Michael Musto"
770693959,"David Carty"
771403539,"Besedka Johnson"
770942158,"Greg Karas"
770689379,"Murray Matheson"
770684513,"Edgar Kennedy"
270615752,"Gail Strickland"
467548866,"Toshiyuki Morikawa"
418638215,"Jane Wiedlin"
770720945,"Amanda Foreman"
771317244,"Brooke White"
162656834,"Bette Davis"
770745672,"Mark Gatiss"
284442167,"Claudia Karvan"
162660158,"Keisha Castle-Hughes"
770702774,"Lesley Miller"
771060732,"Gwendoline Christie"
770788926,"Jeff Hartley"
770672039,"Yurika Hino"
770992913,"Phillip Beer"
770697770,"John Sanderford"
770824777,"Gayne Whitman"
465555211,"Jolene Blalock"
385330933,"Gianni Cavina"
770676665,"Chelsea Staub"
770782287,"Bill Cummings"
770678482,"Harvey Jason"
770954190,"Elaine Falone"
770818172,"Kurtis"
771446492,"Kimberly Broumand"
770962265,"Darlene Jamerson"
770690053,"Marcia Linn"
162658586,"John Putch"
770693361,"Ernest Truex"
770725056,"Susan Yannetti"
712354721,"Mariska Hargitay"
162749462,"Amanda Donohoe"
162674020,"Dina Meyer"
364625957,"Diana Lynn"
162661099,"Glenne Headly"
770885577,"Joshua Sussman"
770787914,"Matt Sloan"
162673956,"Robert Vaughn"
770924259,"Roger Til"
770813727,"Dolores Castle"
368451016,"Peter Berling"
770711172,"Jim Boeke"
770749138,"Nina Agapova"
770693961,"Michael Santo"
771027845,"Mary Oyaya"
575414318,"Robert Lowery"
771376083,"Emily Bach"
162687881,"Stephen Collins"
162704687,"Nathaniel Parker"
364632744,"Michael Craig"
162661723,"Snoop Dogg"
162672747,"Paul Mazursky"
770795302,"Craig Thomas"
162657351,"Richard Crenna"
770849248,"Ellen Bry"
770847640,"Kyle Redmond-Jones"
771016296,"Ali MacLean"
764948359,"Eleanor Audley"
770810073,"Antoine Bertrand"
351527171,"Brock Peters"
770986866,"Bob Ivey"
770732807,"Gary Bayer"
770689300,"Stella Maeve"
770732943,"Karl Hackett"
770669865,"Drew Snyder"
705614610,"George Montgomery"
364611245,"Marjorie Reynolds"
770812715,"Paul Lalonde"
770672753,"Piolo Pascual"
351526061,"Tristram Coffin"
162662763,"Brendan Fraser"
770751460,"Gary Crosby"
770830893,"Sterling Knight"
770733001,"Russell Horton"
770739593,"Eddie Dean"
162656918,"Paul Winfield"
404831515,"Horace B. Carpenter"
162654834,"Claire Danes"
770743431,"Oren Waters"
533465573,"Kenn Scott"
162660442,"Lauren Hutton"
162667850,"Donald Faison"
421503193,"Elise Muller"
770731999,"Leslie Schofield"
770794222,"Terry Serpico"
162664018,"Ron Perlman"
162655777,"Karl Swenson"
512896981,"Malin Akerman"
770799064,"Justin Sewell"
162696052,"Eli Roth"
770939766,"Joan Foley"
385331045,"Ray Park"
162714854,"James McAvoy"
364639687,"Britt Leach"
770918918,"Eric Wilton"
770778021,"Robyn Hitchcock"
770726620,"Venetta Fields"
770684279,"Josh Mostel"
397673145,"Michael Beach"
162659371,"Ben Stiller"
770774523,"Michael Mack"
162676130,"Cathy Cavadini"
378620549,"Ricky Gervais"
313941984,"Leslie Fenton"
770765777,"Stephen Keep"
771028252,"Carl McDonald"
771446506,"Douglas Weng"
546953451,"Woody Strode"
364619018,"Dub Taylor"
749193954,"Laurence Luckinbill"
770759155,"Lorraine Michaels"
771424196,"Allegra Carpenter"
162652630,"Vince Vaughn"
162652511,"Clive Owen"
771047196,"Bimbo Hart"
326433943,"Ralph Brown"
364614996,"Betty Hutton"
770673346,"J. Pat O'Malley"
770679539,"Michael O'Hagan"
770689181,"Sebastian Armesto"
770700454,"Jack Hope"
771067990,"Christopher Robinson"
405674212,"Amanda Tapping"
385330704,"Katherine Dunham"
162652911,"Willie Nelson"
727275479,"Lou Wagner"
771495249,"Billy Beck (III)"
364623841,"Christine Chatelain"
335719191,"Ellen Drew"
770725772,"Aaron Takahashi"
770962243,"Barbera Harris & Co."
771085252,"Chris Bergoch"
770931561,"John Hollis"
770867974,"Anthony Jochim"
364650871,"Austin Pendleton"
771061053,"Sachet Engineer"
771038248,"Pasha D. Lychnikoff"
162663805,"Clancy Brown"
770671679,"Genevieve O'Reilly"
770707739,"Oliver Clark"
770930194,"Sherman Sanders"
162657735,"Jennifer Beals"
770882130,"Sharon Baker"
364646568,"Dennis O'Keefe"
770721647,"Dave Edmunds"
558034445,"Verna Hillie"
771080222,"Megumi Takamoto"
770772080,"Kellie Cockrell"
770678377,"Paul Kent"
162696544,"Timothy Olyphant"
770974364,"Slim and Slam"
162660816,"Madonna"
771105085,"Jay Scully"
770676445,"Dennis Burkley"
770728778,"Don Castle"
770743419,"Jae-wook Ahn"
560040614,"Ben Barnes"
770937409,"Carey Fox"
770968371,"Joe Saunders"
770716291,"David Orange"
770962218,"Gordon Bosserman"
532833313,"Frank Faylen"
770671107,"Kavan Smith"
770789952,"Ralph Cosham"
770803638,"Julia Morizawa"
162684057,"Simon Pegg"
335717109,"Costas Mandylor"
770852947,"Tiina Routamaa"
771101331,"Sindy Faraguna"
162686506,"Jessica Pare"
326396879,"James Doohan"
770740297,"Joross Gamboa"
770829082,"Norman Chancer"
770844821,"Philip Lenkowsky"
770706628,"Lossen Chambers"
462916999,"Debbie Lee Carrington"
162685638,"Sofia Coppola"
770726619,"M.G. Kelly"
770895627,"Victoria Zdrok"
770719283,"George Chesebro"
162670589,"Charlotte Rampling"
162701419,"Monica Vitti"
770940946,"Tatsuya Azuma"
770795439,"Robin Hughes"
364613176,"Joan Leslie"
770977970,"Rick Lee Parmentier"
770697558,"Gregory Nicotero"
770723092,"John Smith"
770751906,"Malcolm Dixon"
391514739,"Raghuvaran"
770710841,"Raynor Scheine"
770717248,"Lee Phelps"
770822582,"Michael Barbuto"
771426767,"Jamie Lynn Perritt"
770927524,"Willis B. Bouchey"
364604435,"Barbara Eden"
357005911,"Donna Murphy"
364620039,"Sibelle Hu"
162681126,"Jill Clayburgh"
326391936,"Neal McDonough"
770864951,"Spencer Wilding"
770765582,"Jim Aycock"
770670102,"Scott Lawrence"
691048397,"Paulo Tocha"
770848419,"Gackt"
770918379,"Don Charles McGovern"
771078986,"Jackie Sandler"
364636381,"Jack Carson"
770718894,"Zach Ward"
530536785,"Jack Larson"
770721128,"Tembi Locke"
771018648,"Blas Elias"
770939767,"Cassandra Ward-Freeman"
770791484,"Meredith Giangrande"
770924428,"Gary Faga"
770673002,"Patrice Wymore"
162685683,"Keenen Ivory Wayans"
771067981,"Samuel Gates"
326392908,"Anthony De Longis"
770747988,"Cameron Arnett"
770675516,"Alfie Wise"
771426756,"Zoe Voss"
302612107,"Lyudmila Gurchenko"
162659641,"Daryl Hannah"
770734871,"Christopher Berryman"
705511876,"Shirley Patterson"
770990779,"Terry Murphy"
162656471,"Elizabeth Taylor"
770721678,"John Vargas"
359853368,"Carroll Baker"
771329481,"Chris Darrow"
770950846,"Simon McQueen"
770957654,"Victoria Zussin"
770682911,"Dermot Crowley"
364608585,"D.J. Qualls"
771035992,"Bryan Anthony"
770675106,"Warren Hull"
770779626,"Jerod Edington"
326396913,"Zuhair Abdulkarim"
162665882,"Luke Mably"
771103972,"Samantha Scacher"
770672689,"Roy Gordon"
770766115,"Don Mafia"
162694127,"Tom Herman"
770834208,"Yuka Asagiri"
364656170,"George Newbern"
575390142,"Virginia Christine"
770919766,"James Deeth"
770907204,"Bridgette Wilson-Sampras"
770887363,"Robert E. Homans"
364609382,"Aldo Ray"
770953581,"Lee Forbes"
770825134,"Rob Moran"
770903978,"Owen Benjamin"
770883270,"Joseph Mell"
770722541,"Gil Lamb"
162652873,"Djimon Hounsou"
771494268,"Alexis Hodges"
771019800,"Lina Teal"
770766205,"Lito Pimentel"
770698259,"Michiko Nomura"
770940666,"Mario Marcelino"
770709524,"Nicholas Worth"
771447970,"Jenni Muldaur"
162664678,"Freddie Jones"
770837271,"Caitlin Glass"
770740110,"James Hazeldine"
770688776,"Tisca Chopra"
770830498,"Sol Lomita"
770935249,"Randy Kovitz"
770792761,"Ron Hagerthy"
770717082,"Rex Evans"
770730425,"Ferdinand Munier"
351527639,"John Larroquette"
770760845,"Eileen Davies"
341816402,"Dick Powell"
358187120,"William Hootkins"
418832380,"Stephen Brennan"
770972252,"Marcella Phillips"
770680483,"Jeff Pilson"
770858031,"Niko"
770825610,"Vasili Buzenkov"
756466135,"Tony Higgins"
277048009,"Lewis Black"
162677390,"Stephen Furst"
364616830,"Paul Kelly"
770829335,"Chris Hemsworth"
162652945,"Kurt Russell"
771447966,"Gloria R. Jones"
162654237,"Josh Brolin"
770817481,"Carolyn Coates"
162694126,"Kaleil Isaza Tuzman"
770725055,"Samantha Stylles"
162655496,"Ty Olsson"
405668346,"Michael Shanks"
770711703,"Guinn 'Big Boy' Williams"
364635935,"Roscoe Ates"
771268586,"Chris Titone"
292632068,"Frank Welker"
770705552,"Risha Denney"
770702167,"Domhnall Gleeson"
770927501,"Margarita Fernandez"
770934081,"David W. Rose"
770684743,"Jo Gilbert"
770710397,"Kendell Hogan"
162652328,"Akiva Goldsman"
162681628,"Biao Yuen"
770786289,"Carol Rosenthal"
162660131,"John Waters"
162660830,"Lance Guest"
770720189,"Walter Catlett"
364625529,"Marlo Thomas"
770962203,"Charles Linza"
771026726,"Scott Tessa"
770686648,"J.P. Manoux"
748170093,"Jin-shil Choi"
771494265,"Ana Dela Cruz"
770690173,"John Wesley Shipp"
326391890,"Leon Rippy"
770669855,"Steve Allen"
770731683,"Rudolph Anders"
770942312,"Christine Nelson"
770789403,"Renee Lippin"
770780672,"Tux Akindoyeni"
364603781,"Jack MacGowran"
770687667,"Lahoma Van Zandt"
364640941,"Sean Blakemore"
341462335,"Paul Fix"
770693628,"Skip Homeier"
162692475,"Scott Wolf"
162759289,"Gary Daniels"
771028500,"Stefanie Ford"
162656402,"James Caan"
162652929,"Christopher Plummer"
770927220,"Stanley Ackerman"
771447972,"Rose Stone"
444004763,"Matthew Bennett"
364640371,"Noel Clarke"
770830309,"George Clow"
601406682,"Douglas Dick"
329449568,"Gotlib Roninson"
770779251,"Stephen Liska"
162659692,"Warwick Davis"
373177732,"David Bowers"
770676792,"Rue McClanahan"
770672993,"Daniel O'Connor"
162716295,"Fred Williamson"
348469510,"Lewis  Martin"
364632523,"Belinda Bauer"
770766123,"Nika Futterman"
454613384,"Kevin Brief"
770711705,"Joseph Crehan"
770710966,"Pat Flaherty"
162670134,"Katherine Heigl"
770961398,"Warren Owens"
770737052,"David Williams"
770883465,"Cassandra Webb"
770688600,"Tom Brokaw"
364633424,"Fred Ewanuick"
771067047,"Zhang Xi Wen"
385330879,"Allan Miller"
162652819,"David Kelly"
770806200,"Olivia Grant (V)"
770951339,"Rickey Murray"
770857482,"Maxey Whitehead"
770913448,"A.C. Weary"
770715242,"Richard Garrick"
770709642,"Anthony Sherwood"
770738936,"Jenny Tallent"
364642002,"Makoto Shinkai"
170366984,"Lana Turner"
771027848,"Sandy Thompson"
771060901,"Lucinda Raikes"
770734519,"Thriller U"
770714987,"Rockets Redglare"
771407922,"Ashley Chin"
771047198,"Coco Sumner"
552598264,"Yanti Somer"
770715525,"Paul Maxey"
770943289,"Carl Steven"
770867910,"Thomas Newman"
770836813,"Jean-Paul Gaultier"
770966796,"The Sunshine Boys"
395112879,"Shin'ichiro Miki"
770699725,"Matt Lanter"
162660078,"Daniel Stern"
162652519,"Robert Rodriguez"
770806562,"David Ansen"
225171333,"Jillian Kesner"
770721435,"Hal Sparks"
770725728,"Raj Kiran"
770927723,"Judi M. Durand"
401111405,"Randy Stuart"
770819742,"John C. Lyden"
770947862,"Nicholas Read"
770713144,"Shohei Yamamoto"
771494273,"PJ Rossotto"
770702201,"Gerald W. Abrams"
178810488,"Corey Burton"
770927101,"Eve Smith"
770882245,"Aileen Carlyle"
770677076,"Jude Ciccolella"
770737343,"Richard Azouz"
162700415,"Ewa Aulin"
770715695,"Helen Fraser"
771426759,"Jackie J. Lee"
770943016,"Scott W. de Venney"
162652772,"Steven Spielberg"
770681336,"Robert Fields"
770720584,"Norwich Duff"
770737349,"Boris Krutonog"
770853904,"Tyler Spindel"
417268213,"Kimberly Ross"
162676323,"Jenifer Lewis"
162668503,"Frank Darabont"
364620476,"Marion Ross"
364599738,"Harry Morgan"
770804674,"Orly Oh"
770676698,"Kent Broadhurst"
770935091,"Toby Philpott"
364641384,"Thomas Browne Henry"
771494269,"Carly Otte"
770811220,"Desiree Marie"
584856350,"Missi Pyle"
770834205,"Hiroshi Nawa"
162652406,"James B. Sikking"
162661537,"Fisher Stevens"
770838573,"Bobby C. King"
162658425,"Gene Wilder"
770850126,"Dar Robinson"
770933206,"Ray Armstrong"
326394945,"Charlotte Greenwood"
770952508,"Francesco Angrisano"
770716615,"Arthur Loft"
770924666,"Tom Morga"
770721080,"Chris-Pin Martin"
770701339,"Robert Karnes"
395114774,"Kazuyoshi Kushida"
364641048,"Michael Zaslow"
395112800,"Peter Nelson"
767988297,"Tim Russ"
335717797,"Albert Dekker"
770719427,"Mort Marshall"
770719226,"Rich Little"
551543379,"Steven Wright"
162660194,"Lance Henriksen"
770940363,"Judith Cohen"
771430734,"Ula Hedwig"
387062105,"Cameron Dye"
770693960,"Michael Fleming"
770890646,"Tony Romano"
771047200,"Chopper"
770739094,"Raymond Singer"
770717743,"Anthony Ruivivar"
770738354,"Virginia Howell"
162668140,"Lili Taylor"
162653181,"Mark Wahlberg"
770931608,"J.J. Jackson"
162674385,"Alyssa Milano"
770930615,"Nadene Ashdown"
770738617,"Donough Rees"
162662190,"Eric Bana"
771426758,"Jessica Pak"
162653375,"Rupert Everett"
470650925,"Shannon Lucio"
771414239,"Stone Mayday"
385329115,"Brian Blessed"
770676120,"Tom Dugan"
770686500,"Melanie Hill"
757041978,"Jenette Goldstein"
770713318,"Mumtaj"
364600161,"Anna Lee"
770958645,"Michael Gilden"
770879656,"Tracy Vaccaro"
592170459,"J.K. Simmons"
770752284,"Peter Mandell"
412796123,"Adam Carolla"
770700250,"Helena Cullinan"
770709160,"Kevin Geer"
771085077,"Andy Albeck"
770696532,"Sian Breckin"
162657445,"Richard Kind"
770800952,"Michael Beattie"
770952202,"Alan Oliney"
543551902,"Sarah Alexander"
162653704,"Catherine McCormack"
770716474,"Robert Tessier"
770705560,"Leo Barczewski"
771066277,"Karren Karaguilian"
770721581,"Phil Arnold"
770904316,"Julie Le Breton"
770675309,"RuPaul"
770961404,"Terry Gilkyson"
162658761,"Paulette Goddard"
770938184,"Des Webb"
162664755,"Bryan Singer"
770892257,"Jon Kowal"
162654290,"Clifton Collins Jr."
770925429,"Jack Hollander"
770889063,"Cecil Hoffmann"
770747954,"Seventh Star"
770717379,"E.J. De La Pena"
770702580,"Grady Sutton"
162675408,"Alan Ladd"
770947827,"David Barclay"
770739666,"Lev Durov"
770962251,"Al Hobson"
770942246,"Gary Breckner"
770680050,"Francis Ford"
770962219,"Dianne Harper"
770755660,"Kim Braden"
385328724,"Maxine Waters"
326392213,"Diedrich Bader"
770676866,"Darlene Love"
546953796,"Nicholas Koster"
771099772,"Milica Govich"
770925365,"Leo Cimino"
770836406,"Lupita Nyong'o"
770717754,"Jesse Tyler Ferguson"
770714016,"Sadie Corre"
770882142,"Midnight Star"
771027859,"Coinneach Alexander"
162655749,"Julie Andrews"
162725651,"Mick Jagger"
416827417,"Stuart Randall"
770890338,"Isako Washio"
770834206,"Natsuko Yagi"
770675241,"David Gautreaux"
184529961,"John Carradine"
770679845,"James Kyson Lee"
770698880,"Tiiu Leek"
770715528,"Jeff Lester"
162719595,"Mary Kay Place"
770724054,"Jacques Maury"
770928328,"Steve Carter"
600326998,"Robert Reed"
770673492,"Jack McGee"
770830178,"Jerry Harte"
771440948,"David Giguere"
771067982,"Minh Tu Van"
770755604,"Annie Korzen"
364641213,"Roy Roberts"
335719324,"Murray Melvin"
162752374,"Martha Plimpton"
770772258,"Glen Gould"
770696495,"Chris Bell"
326394905,"Stephen Root"
162677203,"Saeed Jaffrey"
381422124,"John Ratzenberger"
770953184,"Delos Jewkes"
653489229,"Yu Bo"
162691183,"Terry Farrell"
770688820,"Rei Okamoto"
770962246,"Mike Winslow"
770711727,"Rosalind Ayres"
770962230,"Billy Coe"
770962220,"Teresa E. Victor"
770742422,"Dave Bean"
770669764,"Dorothy Buhrman"
771426762,"Dawn Bianchini"
770818381,"Lucille Norman"
770758336,"Sandra Church"
771068784,"Fayez Hameed"
770762080,"Ras Peter"
770708596,"George A. Cooper"
770700735,"Lucy Marlow"
770833742,"Mike Straub"
770801515,"Heather McAdam"
770737341,"Andy Garrison"
770771990,"George Gray"
770697940,"Pat Corley"
355028249,"Benedict Cumberbatch"
770695853,"Justin Boyd"
770811393,"Tonino Corazzari"
770686469,"Daniel Dae Kim"
771446509,"Kentucky Rhodes"
770745958,"Nero Campbell"
162654269,"Adam Baldwin"
162660689,"Michelle Pfeiffer"
770806661,"Nick E. Tarabay"
770734066,"Cesar Garcia"
770950300,"Dennis Alwood"
770688777,"Darsheel Safary"
770673451,"James Mitchell"
162654424,"Boris Kodjoe"
364653705,"Charles Kimbrough"
346416692,"Walter Koenig"
771446507,"Max Chernov"
162701660,"Terence Stamp"
425566671,"Cecil Castellucci"
770721439,"J.C. Nugent"
162698030,"Wil Wheaton"
770682215,"Phoebe Dollar"
770986865,"Jerome L. Dennoe"
770962224,"Dave Cadiente"
771447969,"Lynn Mabry"
162657286,"Peter O'Toole"
770913802,"Sean Faro"
771398473,"Lin Hui-min"
770671748,"Hal Smith"
770685898,"Mantan Moreland"
771118922,"David Lasley"
162657624,"Dave Foley"
770678542,"Arthur Hoyt"
162662243,"Jason Flemyng"
770778524,"Jordan Long"
770711934,"Trevor Jones"
770742945,"Joe Recht"
770670356,"Frank Hernandez"
162739633,"Mario Joyner"
771023295,"Samantha Joy"
771059598,"Ido Mosseri"
770678743,"Susanna Foster"
770671023,"Padmini Kolhapure"
162655909,"Tim Allen"
770795892,"Bob Terry"
770887327,"Dorphia Brown"
771101332,"Nathan Durec"
162686452,"Bill Hunter"
421497712,"Joe Lara"
162652530,"Cedric the Entertainer"
162746078,"Ben Elton"
364661940,"Anne Revere"
416810702,"Jay Acovone"
162678968,"Dante Basco"
770712721,"Brian Drillinger"
771061052,"Tanay Cheda"
770852944,"Antti Satama"
770787588,"Blake Lindsley"
770721260,"Tim Rose"
580222946,"Lino Capolicchio"
770713635,"Sharon Mitchell"
770906446,"Silvio Wolf Busch"
771422380,"Carole Weyers"
770675311,"Michael Lucas"
501631694,"Tony Cox"
162707228,"Eric Tsang"
364639642,"Marshall Bell"
162705216,"Mili Avital"
770728999,"Jamie Hagan"
770747187,"Noelle North"
770693963,"Julia McNeal"
162675403,"Tony Roberts"
770747989,"Henry Ramer"
770743121,"Shelly Varod"
162718328,"Rene Auberjonois"
162661842,"Richard Boone"
770669753,"Bibi Besch"
770949973,"Gilbert B. Combs"
162689134,"Beau Billingslea"
364639682,"Gilmer McCormick"
770902503,"Yevgeni Yevstigneyev"
162664689,"Beau Bridges"
559507850,"America Young"
770687158,"Francis McDonald"
770887328,"Edith Rothschild"
770880458,"Chris Avran"
770723709,"Robert Curtis-Brown"
162657422,"Aamir Khan"
771446586,"James H. McGrath, Jr."
770793609,"Charles Smith"
770964858,"Martin Nicholas"
162700180,"Kou Shibasaki"
770670039,"Mary Martin"
770796512,"Patrick Martin"
770957267,"Martin Pistone"
770708523,"Lee Reherman"
162660409,"Rob Reiner"
364603780,"Lionel Stander"
771446497,"Andy Demetrio"
771426772,"Phil Alvidrez"
326298056,"Veronica Cartwright"
162652445,"Charles Dance"
770996755,"Kandeyce Jensen"
770956446,"Ken Bates"
770688779,"Vipin Sharma"
309922237,"Raven"
770818511,"Marcus Demian"
770971896,"Georgiy Kulikov"
162660044,"Daniel Day-Lewis"
364617377,"Emma Samms"
770801563,"Mary Adams Hayes"
770848529,"Philip L. Clarke"
770669630,"Nick Offerman"
162653241,"Ian McKellen"
364656225,"Charles King"
162693532,"Bruce Ramsay"
770692410,"Leon Russom"
770759410,"Shooting Star"
770787017,"Adam Bareham"
770925941,"Rodopho (Rudy) Acosta"
770818173,"Rick Corbett"
770716796,"Maaya Sakamoto"
364620321,"D.W. Moffett"
651499192,"Cliff Simon"
298588442,"William Morgan Sheppard"
162661022,"John Landis"
770724029,"John D. Gowans"
770679307,"Graham Patrick Martin"
724901853,"Michael Winslow"
770693635,"Susan Sullivan"
770740312,"Tim Ware"
770737342,"Jim Blanchette"
770830560,"Lotte Verbeek"
770673001,"Jayne Meadows"
528346447,"McCaleb Burnett"
771426765,"Andy Mardiroson"
162654718,"Kris Kristofferson"
364639051,"Daniel Pilon"
162682330,"Catherine Mary Stewart"
162654309,"Luis Guzman"
771027858,"Katie Lucas"
335719192,"Alan Hale"
672128446,"Robert Clotworthy"
471176821,"A.K. Hangal"
405674208,"Blu Mankuma"
770923860,"Rosanna de Soto"
410147029,"Arthur Treacher"
771027857,"Hayley Mooy"
162655148,"Jennifer Aniston"
770734947,"Patti Yasutake"
770713319,"Ramesh Kanna"
770699381,"Lee Tockar"
162658192,"John Phillip Law"
162700669,"Lois Chiles"
398859314,"Sarah-Jeanne Labrosse"
770721997,"Ryan Robbins"
770733265,"Milton Johns"
395112547,"Rati Agnihotri"
770783588,"Tyke Caravelli"
770962274,"Syd Heylen"
162652155,"Ian McDiarmid"
770807992,"Greg Clark"
770743290,"I Wayne"
770962227,"Douglas Engalla"
196103011,"Temuera Morrison"
771449011,"Ralph Guzzo"
289633122,"Grey DeLisle"
770810917,"Jerry Sims"
770720188,"Vivien Oakland"
770674077,"Kenneth Colley"
770708907,"Kristopher Logan"
162678070,"Maury Chaykin"
770947861,"Katie Purvis"
770748191,"Lorenzo Piani"
770926983,"Sarah Spencer"
770676364,"Shailene Woodley"
770726010,"Tommy Farrell"
162654850,"Brenda Strong"
162713567,"Michael Ironside"
770929208,"Ralph Byers"
770939769,"William Alspaugh"
770697814,"Winter"
770941946,"Marjorie Deanne"
770836632,"Edie Martin"
770962240,"Ann Hubbell"
162656604,"Dre Pahich"
770746667,"Eddie Kane"
162657039,"Les Tremayne"
770933294,"Robby Preddy"
162695612,"Jacqueline McKenzie"
335719193,"Lewis Stone"
770783663,"Lynda Grey"
426554172,"Chick Chandler"
770697297,"Carmen Laroux"
770715297,"Cissy Houston"
770926018,"Lois Areno"
770924644,"Sylvia Davis"
162654146,"Carmen Electra"
404374982,"Kelvin Han Yee"
162704844,"Clint Howard"
404579500,"James Gleason"
162655994,"Barbra Streisand"
770962277,"Phil Judd"
401186786,"Drewe Henley"
770674478,"Sophie Lorain"
770719836,"Grace Lee Whitney"
770743193,"Barbara Beaird"
162696044,"Jordan Ladd"
440692441,"Jerry Colonna"
326392465,"Terry Crews"
770747000,"Christine Jansen"
364620848,"Bobby Bass"
351527407,"Jonathan Winters"
770720794,"Stevie Wonder"
770684086,"Johnny Legend"
364635624,"Dolores Del Rio"
771075262,"Rene Rosado"
770945481,"Gordon Polk"
405746712,"Persis Khambatta"
364605074,"Robert Picardo"
770937675,"Benay Venuta"
770825609,"Konstantin Vasilyev"
421639109,"Tommy Hinkley"
753851300,"Kay E. Kuter"
770939924,"Ray Beltram"
770744215,"Sheila Moore"
359852999,"John Williams"
162682161,"Jack Thompson"
770949448,"Theresa Watson"
410715223,"Sally Reeve"
770964571,"Claudia Lennear"
770810627,"Henry Marshall"
162652385,"Christopher Lee"
770938185,"John Dicks"
420512348,"Michael Culkin"
551297379,"Joan Rivers"
411588212,"Timm Sharp"
404807511,"Carlos Villarias"
162656557,"Linda Darnell"
770937912,"Tay Strathairn"
770740924,"Ken Boothe"
770743930,"Elizabeth Dennehy"
771426763,"Edmund C. Pokrzywnicki"
770886466,"George McDaniel"
162654115,"Juliette Lewis"
770918183,"Al Vincente"
269710329,"Andy Serkis"
162652371,"Rachel Nichols"
528758194,"Robert Osterloh"
770725355,"Stephen Mendillo"
651695401,"Ike Eisenmann"
364638514,"Phil Morris"
770705554,"John Whiting"
770687648,"Mary Pat Gleason"
770715140,"Pat Henry"
770742446,"Michael Owen"
770674573,"Mike O'Connell"
162657089,"Christopher Lloyd"
552577399,"Danny Bonaduce"
162741528,"Corin Nemec"
162653373,"Tim Curry"
162663355,"Carrie Fisher"
770922194,"Harve Bennett"
563565166,"Shannon Cochran"
326394944,"Gene Nelson"
770741236,"Bascom X"
388392014,"Richard Ng"
326396361,"William Powell"
770675513,"Rae Allen"
770887329,"Marjorie Claire Bowden"
770972867,"Barney Dean"
391393047,"Hugh Keays-Byrne"
162691693,"Keith David"
162666821,"Gary Busey"
770846077,"Sammo Hung Kam-Bo"
770791385,"Anthony Wilson"
770777602,"Dylan Mooney"
770860854,"Monique Lhuillier"
770931684,"Gladys Holland"
162690561,"Will Patton"
770916194,"Teo"
421503188,"Maureen LaVette"
770986871,"Jimmy Skakel"
770815030,"Jack O'Shea"
162668400,"Willem Dafoe"
385330207,"Greg Travis"
528392213,"Sean T. Krishnan"
162655663,"Bing Crosby"
770745539,"Luciano"
770740907,"Sidney Miller"
770928521,"William Vedder"
770715581,"Mona Marshall"
770939463,"Lonny Chin"
770918181,"Martha Velez"
771380154,"Brandon Cournoyer"
162662394,"Mary McCormack"
162672932,"Sting"
770697556,"Howard Berger"
770679726,"Largo Woodruff"
770948276,"Bob Kenaston"
771436394,"David Ritz"
770929143,"David Aldrich"
770962261,"Peter Cherevas"
770818860,"Dick Smith"
770804992,"Mabel Paige"
770916298,"Matt Levin"
770888407,"Pat Rooney"
770716657,"Richard Whiting"
770681791,"Evgeni Evstigneev"
770720424,"Paul Rossilli"
770938714,"Phil Chong"
770876730,"Jeremy Raymond"
770701203,"Laura Delano"
770925646,"Alan Jones"
771446493,"Usman Ally"
162655919,"Doris Day"
364638877,"Melissa Jaffer (II)"
770690314,"Jim Siokos"
770681181,"Jack Laufer"
770734617,"Jefferson Starship"
770746891,"James Sheridan"
364599258,"Curtis Armstrong"
364660261,"George DiCenzo"
770793391,"Danny A. Abeckaser"
162690350,"Cynthia Gibb"
364620249,"Stephen Davies"
771084988,"Jessica Mackenzie"
162689338,"Kerry Fox"
162675223,"Michael Dorn"
770850859,"Derek Sean Lara"
162674856,"David Carradine"
770669844,"Irwin Keyes"
770936798,"John Fry"
351527601,"William Gargan"
770733364,"Kermit Maynard"
162656094,"Jane Wyman"
364646827,"Andy Devine"
771446584,"Adam McCann"
770703236,"Keith Loneker"
162653279,"James Woods"
770670357,"Joe Lancaster"
770924462,"George Whiteman"
364619326,"Veronica Lake"
162660883,"Seth Green"
162656213,"David Spade"
770700246,"Beverly Polcyn"
770735865,"Nadia Cassini"
770927484,"Garick Hagon"
770935690,"April Webster"
770839770,"Cal Kuniholm"
771426769,"Cammeron Ellis"
770816881,"Anthony Naylor"
162660355,"Frank Lovejoy"
770910792,"Lauren Ashley Carter"
770799060,"Art Douglas"
770800956,"Jack McKenzie"
364615295,"Athena Massey"
771082874,"Danni Katz"
771447955,"Dr. Todd Boyd"
162704853,"Mark Jones"
770741783,"Kathryn Card"
770718893,"Rebecca Budig"
770929265,"Phillip Richard Allen"
162711061,"Matt Malloy"
162668396,"Catherine Hicks"
162685483,"Harry Dean Stanton"
335718294,"Adolphe Menjou"
770962259,"Bob Bost"
770986862,"Marya Gant"
770690870,"Beth Littleford"
770933488,"Ann Risley"
770710675,"Vijayakumar"
770721345,"Michael Carter"
162660050,"Zoe Saldana"
770713588,"Richard Le Parmentier"
178810504,"James Arnold Taylor"
259260121,"Jim Byrnes"
770688780,"M.K. Raina"
569877699,"Henry Morgan"
770732707,"Michael Sheard"
770680696,"Melanie Shatner"
770725058,"William Margold"
770783821,"Taylor Gilbert"
770764620,"Mavado"
548155708,"Graeme Blundell"
289676584,"Frank Coghlan Jr."
349219113,"Dominic Cooper"
542897117,"Toni Gonzaga"
470650914,"Brent Taylor"
770832485,"Erno Verebes"
364615667,"Preston Sturges"
771084552,"Natalie Hall"
770738912,"Victoria"
770974354,"Marty Wilde"
162694457,"Christian Campbell"
770927457,"Sturgis Warner"
770673847,"Rebecca St. James"
478055173,"Mark Strong (II)"
770673939,"Adam Fogerty"
771082198,"Dree Hemingway"
770709842,"Kate Rodger"
528345271,"Erick Avari"
770690149,"Gretchen Palmer"
770683769,"Max Cullen"
410082042,"Terry Chen"
770678496,"Pat Evison"
770670123,"Robert Phalen"
771093466,"Roland Groenenberg"
771380160,"Rick Williamson"
533662357,"Alan Oppenheimer"
162680984,"Ricardo Montalban"
162673757,"Brent Spiner"
420368662,"Zack Ward"
162670930,"Jonathan Frakes"
397361692,"Lester Matthews"
771384447,"Ser'Darius Blain"
162662345,"Mackenzie Astin"
770930100,"Stelita"
770746839,"Michael Merrill"
770706025,"Dick Wessel"
364609819,"Lin Shaye"
162662375,"Peter Riegert"
753745001,"Daniel Logan"
770685151,"Maddy Curley"
444068714,"Amy Weber"
770939768,"Larry Sprinkle"
771027863,"Steven Foy"
770677863,"Junko Ikeuchi"
770732839,"Chris Botti"
770740484,"James Blendick"
407726897,"Ken Stott"
300371277,"John Cho"
364642271,"Franchot Tone"
770717393,"Capleton"
770850858,"Simon Ragaine"
770680263,"Hunter Bell"
771428678,"Regan Reece"
770685918,"Roger C. Carmel"
770822309,"Marvin Lichterman"
770788928,"Sean Gray"
770702701,"Paul Porcasi"
770732217,"Mikki Padilla"
770696017,"Charlotte Cornwell"
771067983,"Shafik N. Bahou"
411588213,"John B. Crye"
162718445,"Susie Porter"
770747185,"Joe Colligan"
770786974,"Cirroc Lofton"
770735394,"Joseph Della Sorte"
561230179,"Brian Vander Ark"
364601893,"Charles Bickford"
326396049,"Daniel Roebuck"
770725054,"Chris Cannon"
770962237,"Lynley Laurence"
770923835,"Karin [Katharine] Booth"
770758275,"Josh Gibson"
771428681,"Jayden Green"
770756717,"Clara Blandick"
770671391,"Norman Leavitt"
770680482,"Jason Bonham"
770962235,"Samuel Colt"
162679131,"Didi Conn"
770829595,"Salvatore Damino"
283081805,"Thomas F. Wilson"
603087855,"Jerry Trimble"
364646826,"May Robson"
348376265,"Timo Vuorensola"
189024858,"Olga Aroseva"
770923747,"Lisa Sloan"
162652717,"George Lopez"
347990564,"Drew Powell"
770788927,"Leo Ryan"
771017753,"Damian Trevor"
770784613,"Billy Mumy"
162660810,"Stephen Tobolowsky"
392799906,"Charlie Cox"
162710729,"David O'Hara"
770714311,"Bess Flowers"
770734325,"Colleen Clinkenbeard"
770935062,"Vernon Washington"
770934832,"Helen Van Tuyl"
770712374,"Anthony Phelan"
770942494,"Budd Friedman"
770679981,"Keegan Michael Key"
270649140,"Lauren Eckstrom"
528392212,"Anitha Gandhi"
770677702,"Donald Moffat"
770913800,"Paul Ryan"
770851048,"Kevin Tye"
770725611,"Boyd Davis"
770726726,"Michael Moody"
162674015,"Mick Garris"
364622615,"Debra Paget"
770678684,"Hugh Ross"
410146957,"Franklin Pangborn"
770935291,"Michael Rougas"
282392570,"Deborra-Lee Furness"
162666522,"Colm Meaney"
326298994,"George Murdock"
450776664,"Susan Denberg"
770705558,"Joshua Ramsey"
162655397,"Robert Patrick"
770879883,"Stanley Mann"
585856789,"William Henry"
405587727,"Svetlana Kryuchkova"
770678894,"Zachary Quinto"
326396918,"Fuad Ghazi"
391527059,"Tom Hardy"
770923426,"John Farrell MacDonald"
770713464,"Mat Hoffman"
770804580,"Tina Romanus"
351528051,"Carmen Argenziano"
364612079,"Ruth Roman"
162669887,"Art Carney"
771028017,"David Whalen"
770962263,"Lit Conah"
770768854,"Samuel Barnett"
770690052,"Taylor Kingsley"
162668843,"Clark Johnson"
162661579,"Harrison Ford"
770949727,"Peter Potter"
771028499,"Robert Astles"
381984430,"Morena Baccarin"
162658050,"Orson Welles"
770872565,"Aisha Hinds"
770986864,"Dori Renee Crofts"
770986872,"Karen Stanton"
770912047,"Robin Bain"
771380159,"Mario Sellitti"
162678807,"James Spader"
770783923,"Dina Myer"
771060902,"Lucas Motion"
770717401,"Ninja Man"
162654291,"Bruce Greenwood"
162670319,"Mercedes Ruehl"
162667363,"Ben Johnson"
364635897,"Dick Van Patten"
770939923,"Henry Amargo"
162652553,"James Cromwell"
364597466,"Nick Swardson"
770673360,"Eddie Byrne"
770743785,"Dominic Philie"
770793528,"Linda Ellerbee"
326393177,"Doris Roberts"
770884136,"B.J. Davis"
770701323,"Carol Burns"
761440811,"Carlos Cestero"
377006663,"F Murray Abraham"
329451532,"Yuri Yakovlev"
162652729,"Heather Locklear"
770744966,"Scott Sowers"
341816616,"Ron Canada"
753488277,"M.C. Gainey"
771027862,"Axel Dench"
162655857,"Roddy McDowall"
770732926,"Tex Ritter"
770962241,"Don Crichton"
425838884,"Peter Mayhew"
770721028,"Raymond Ma"
770680932,"Ari Gold"
162662856,"Diahann Carroll"
770728998,"Hal Adams"
162662392,"Jake Lloyd"
364658649,"Paul Nicholas"
770913513,"Charles McMurphy"
770911854,"Rohan Nichol"
770678646,"Fiona Press"
770758052,"Leslie L. Smith"
364597493,"Edward Clements"
771067985,"Donn Lamkin"
364658438,"Willie Aames"
770674031,"Jerry Wasserman"
770694697,"Stafford Repp"
770678379,"Christopher Maher"
771446500,"Jodi Johnston"
412796122,"Nicole Sullivan"
385329967,"Sam Spruell"
770699940,"Matthew Wood"
364510106,"Andre Rosey Brown"
770697813,"Howard Wen"
507677272,"Ahmed Best"
770788885,"Philip Morris"
162689345,"Elizabeth Pena"
770967670,"Gwen Perlman"
771028498,"Michael Roselli"
434422724,"Stanley Kamel"
162659309,"Andy Lau"
162661860,"William Shatner"
770840704,"Gene Pompa"
421669964,"J.J. Abrams"
770792773,"Samuel Roukin"
162660706,"Peter Jackson"
770693368,"Alethea McGrath"
162656296,"Frank Oz"
770712461,"Victoria Snow"
770690054,"Eric Moseng"
603676177,"David Prowse"
162652387,"Robin Williams"
770884028,"Mark Little"
770678617,"Judson Earney Scott"
568063690,"Matthew Glave"
770796820,"Richard Jones"
162675225,"Gates McFadden"
563313562,"Marjoe Gortner"
770942285,"Fred Velasco"
770977972,"Stan Holbrook"
684646610,"Antonio Fargas"
771268592,"Shane Ralston"
770721732,"Adam Nelson"
770692518,"Caroline Blakiston"
162655293,"Donald Sutherland"
761416364,"Miriam Colon"
770694090,"Susan Collins"
771027854,"Jett Lucas"
770669575,"Kate Magowan"
364633988,"Mackenzie Gray"
770885528,"Sharon Robinson"
162661013,"Jackie Chan"
162685819,"Abraham Benrubi"
770746418,"Susan Stokey"
770923695,"Conroy Gedeon"
770986401,"Wanda Osiris"
364632851,"Cynthia Martinez"
770912881,"Robertson Dean"
364635669,"Jimmy Lydon"
364619305,"Marshall Thompson"
770684365,"Marfa Lapkina"
771447959,"Jean Thomas Fox"
771095126,"Darrin Lackey"
351525916,"Ashley Edner"
770676699,"Matthew Cowles"
770757813,"Oliver Maguire"
770951678,"Leonard Walker"
364612974,"Lauren Ambrose"
162652185,"Will Ferrell"
771018255,"Wang Lee Hom"
770962262,"Scott Allan Christoffel"
770734685,"Tony Guma"
359852737,"Cyd Charisse"
770737344,"William Monaghan"
623771516,"Alfred Harmsworth"
770847643,"Conceicao Mendes"
770705336,"Alan Bennett"
770950259,"Randy Cash"
770883464,"John Tarrant"
771400014,"Anthony Welsh"
162654251,"Laura Dern"
611219267,"Marie-Christine Barrault"
162685808,"Lou Adler"
768117486,"Denis Lawson"
770761312,"Rif Hutton"
711983163,"Phil Brown"
770883419,"Rhae Andrece"
162654812,"Tom Arnold"
404308767,"Gregory Calpakis"
770980528,"Eric Caiden"
770739146,"Jed Prouty"
770689788,"Moneca Stori"
770720182,"Chester Clute"
770824992,"Xu Jiao"
770955643,"Jaqui Safra"
770676760,"Michael James Rowland"
162655084,"Joshua Jackson"
770691302,"Frank Alexander"
771047163,"Adam Buxton"
341815427,"Ian Abercrombie"
770881974,"Gabriel Barre"
162660454,"Paul Reubens"
770693962,"Gary Watts"
162679990,"Robert Allan Ackerman"
162694648,"Craig Bierko"
364623351,"Edie McClurg"
770912809,"Chris Herbert"
771037676,"Wang Gui Feng"
162655828,"Robert Preston"
749188678,"Merritt Butrick"
408746709,"Hamilton Camp"
551528216,"Dee Bradley Baker"
770889765,"Carmen La Roux"
770692463,"Marshall Allman"
162716099,"John Diehl"
315433810,"Yuri Belov"
770710190,"Matt Doran"
770671537,"Roy Brocksmith"
770683405,"Kelsey Crane"
395113541,"Yu Kashii"
770947390,"Lisa Friedman"
202590455,"Necla Fide"
162658803,"Edward Herrmann"
770727064,"John Collin"
770860855,"Rachel Zalis"
770759916,"Abraham Murphy"
405588731,"Heidi Mark"
770980978,"Roman Filippov"
162712344,"Kurtwood Smith"
770892847,"Sara Mornell"
770787085,"Bill Wallis"
341816530,"Dorothy Lamour"
770755556,"Erik Holland"
378982606,"Lee Bennett Sobel"
770799061,"Matthew C. Egan"
771028495,"Reagan Dale Neis"
770947516,"Rainee Skinner"
770896066,"Thomas Brown Henry"
770923960,"Richard Warlock"
162656571,"Ray Milland"
162675623,"Mariel Hemingway"
770732920,"Edward Cassidy"
364606317,"Mae Marsh"
364658857,"Koichi Sato"
771099376,"John Boyega"
162721956,"Ernest Thompson"
770743426,"Arnold McCuller"
348376261,"Samuli Torssonen"
770962266,"Lisa Pastorino"
770952815,"John Murray"
326397126,"Janet Gaynor"
364655009,"Leif Erickson"
686047577,"Karen Steele"
770675104,"Wade Boteler"
771027851,"Rebecca Jackson Mendoza"
770675517,"Barbara Pepper"
770885446,"Christopher Penn"
596915701,"Pat O'Malley"
770760801,"Nick Ramus"
770719093,"Greg Proops"
770893453,"Trevor Clark"
770822050,"David Cameron"
770700247,"Graham Norton"
341817917,"Henry Cavill"
313889860,"Romi Pak"
770756527,"Mark Kiely"
770704831,"Tony Edwards"
364569374,"Angela Cartwright"
359855482,"Roland Young"
162652154,"Natalie Portman"
162664364,"Anthony Zerbe"
770712812,"Olan Soule"
162654704,"Karl Urban"
351527810,"Mike Johnson"
770711527,"Peter Liapis"
770849316,"Aja Evans"
771494274,"Tanner Boatwright"
770720181,"Charles Williams"
770766116,"Lady G"
770849197,"Malcom McDowell"
770734872,"Eddie Betlej"
770993440,"E. Sanko"
770928642,"Ed Begley Sr."
770824099,"Morse Bicknell"
770713257,"Stuart Holmes"
770885438,"Wiley M. Pickett"
770794810,"Girija Oak"
162663360,"Joe Dante"
771408044,"Jonathan Stromberg"
770925724,"John Doumanian"
770692888,"Julien Lambroschini"
162654658,"Kevin Bacon"
770749644,"Olin Howland"
771447962,"Michiko Hill"
162661425,"Kathryn Mullen"
409514380,"Robert Easton"
341815997,"Jay O Sanders"
770673809,"Angus MacInnes"
364643274,"Zsa Zsa Gabor"
162657144,"LeVar Burton"
771236094,"Heather Davis Wang"
770679083,"Shane Ryan"
770686148,"Hooper Atchley"
770788924,"Alan Nassif"
770881962,"Marcy Vosburgh"
771447964,"Fanita James"
364616831,"Kaarin Fairfax (II)"
770949869,"Maude Wallace"
162752756,"Patrick Muldoon"
770672203,"Magic Johnson"
771447965,"Gloria A. Jones"
243105484,"Kristin Booth"
433542513,"Harry Green"
568933177,"Kaneta Kimotsuki"
770882951,"John Sheerin"
770763747,"James Parnell"
770950911,"Judy Levitt"
770766117,"Mikey General"
771221582,"Kara Zediker"
770952461,"Lucky Grills"
770930372,"Jack Harmon"
418638213,"Kenny Baker"
445068017,"Jocelyn Brando"
770712133,"Frank Ferguson"
770710963,"Billy Wayne"
351335493,"John Schuck"
162653303,"Kevin Smith"
770718198,"Franklyn Seales"
770895859,"Christopher R. Sabat"
326395943,"Dave O'Brien"
408634138,"Brian Simpson"
771446495,"Benjamin P. Binswanger"
364643074,"Amber Smith"
770705559,"Scott Ganyo"
699934085,"Johnny Johnston"
770802251,"Davina Joy"
359854455,"Tyson Beckford"
770740775,"Christopher Olen Ray"
770672040,"Akimitsu Takase"
416810701,"Currie Graham"
770724577,"Patti Austin"
770746982,"Karl Howman"
771223035,"Seth Ayott"
162663920,"David Soul"
770688651,"Tim Griffin"
162669006,"Sally Kirkland"
770723653,"Gene Dynarski"
770722703,"Struan Rodger"
719893004,"David Daker"
162664667,"Leonard Nimoy"
162653066,"Sharon Stone"
364610879,"John Agar"
770730738,"Brian Narelle"
770756703,"Rodd Redwing"
162712199,"Sandrine Holt"
770919764,"John Walter Davis"
770679588,"Paul Grant"
162666447,"Ted Danson"
162666714,"Karen Allen"
770949543,"Cis Rundle"
162671281,"Carrier Fisher"
770725426,"Rex Holman"
771447973,"Vaneese Thomas"
770879634,"Michael Snyder"
364662065,"Robert Webber"
364598200,"Gordon Tootoosis"
162709929,"Andy Fickman"
770720822,"Henry Kulky"
364658927,"Larry Day"
749009433,"Don Henderson"
162683609,"John C. McGinley"
770937749,"Ralph Brannen"
771446504,"Melissa Paulo"
770883418,"Alyce Andrece"
771067986,"Regi Huc"
770759516,"Nana Visitor"
364634362,"Cliff De Young"
770681771,"Liya Akhedzhakova"
770889761,"Jean Phillips"
727275473,"David Abbott"
770799820,"Ron Pearson"
770868295,"Hazel Shermet"
162699077,"Frances Sternhagen"
771387692,"Josie Xu"
770670133,"George P. Wilbur"
770771604,"Ian Alexander Martin"
162699695,"Judith Anderson"
771037827,"Grant Burgin"
770818884,"Jeff Lewis"
770926445,"Guy Way"
770962200,"Sheila Anderson"
162652209,"William Fichtner"
326394760,"John Saxon"
771385330,"Harlem Yu"
162656687,"Henry Gibson"
312276730,"Ronald Reagan"
770937324,"John Hedloe"
326396914,"Sabah As-Salem"
364635993,"Spencer Garrett"
771086528,"Pahici-Cal Kunholme"
770700792,"Camilla Rutherford"
162666727,"Denise Richards"
770739297,"Tex Palmer"
770924017,"Paul Weber"
590468690,"Patti LuPone"
770934112,"Kay Griffith"
341817090,"Akira Emoto"
770942306,"Donivee Lee"
770879422,"Warren Lewis"
770938186,"Brigitte Kahn"
770678049,"Duane Davis"
162667585,"David Warner"
770924805,"Anthony Mannino"
770919787,"Brandon Mychal Smith"
771027619,"Har Mar Superstar"
770734860,"Redmond Gleeson"
770744783,"Angelo Tiffe"
771446583,"Melissa Steinman"
770725996,"Michael St. Gerard"
162660853,"Woody Allen"
770958644,"Daniel Rodgers"
771105460,"Jonathan Dixon"
770676185,"Bonnie Hellman"
770711704,"Horace Murphy"
770834209,"Yuko Asuka"
202590453,"Fusun Ucar"
770925566,"Carlton Elliott Griffin"
770793610,"Edward Fielding"
162714169,"Ling Bai"
395114773,"Tae Kimura"
770882670,"Diane Stilwell"
770847641,"Teresa Tavares"
770737439,"Cindy Mizelle"
770913791,"Elizabeth Jenns"
247572649,"William Sanderson"
770957902,"Dimitri Vassilopoulos"
364633872,"Yakima Canutt"
770948275,"Charlene Nelson"
171889887,"Glenn Morshower"
770962275,"Dwayne Hillman"
770740814,"Atanas Srebrev"
341816138,"Dee Wallace"
771093465,"Ed Groenenberg"
770716503,"Mary Catherine Wright"
770708602,"Rosalind Knight"
410881238,"Ben Browder"
770711962,"Fred Pierce"
162677409,"Fred Olen Ray"
770671562,"Vic Mignogna"
770880839,"Robert Perault"
770708370,"Macintyre Dixon"
436352429,"Jeremy Roberts"
770788391,"Felix Silla"
162689193,"Andrew Dice Clay"
770670399,"Todd Jensen"
770697291,"Eddie Parker"
326394482,"Rupert Friend"
770742632,"Vincent Franklin"
162656011,"James Mason"
497319831,"John Bloom (III)"
770673974,"Jenna Boyd"
770670128,"Michael Currie"
770670017,"Howard St. John"
771153353,"Ralph McQuarrie"
364607159,"Glenn Strange"
162685873,"Tom Savini"
364601682,"Aria Giovanni"
770921592,"Jay Lagai'aia"
771027840,"Bonnie Piesse"
770810452,"Charles Siegel"
417268198,"Marnette Patterson"
771050668,"Majel Barrett-Roddenberry"
364611033,"Ross Hagen"
287408324,"Colin Friels"
771027844,"Kenji Oates"
398053894,"Mickey Jones"
162652705,"George A. Romero"
770670929,"Marc Alaimo"
770698258,"Noriko Ohara"
771446499,"Ningning Deng"
770866492,"Setara Hussainzada"
492040296,"Sheryl Crow"
162690499,"Giancarlo Esposito"
771497341,"Crystal Clarke"
770958643,"John Pedrick"
162698684,"Timothy Spall"
771432609,"Stevvi Alexander"
364613215,"J.J. Johnston"
162691723,"Jimmy Smits"
770669489,"John Rothman"
753745005,"Silas Carson"
770885758,"Daniel Friedman"
284495637,"Ben Mendelsohn"
162664616,"Lou Diamond Phillips"
770802340,"Eli Mintz"
770725343,"Ray Montgomery"
770798476,"Merry Clayton"
162656629,"Richard Kiley"
770677866,"Vince Barnett"
162759546,"Lindsay Duncan"
770693743,"Spencer Charters"
770685488,"Wayne Webb"
341815683,"Gregg Henry"
326393487,"Ryan Hurst"
770726713,"Oliver Ford Davies"
770690632,"Seamon Glass"
382056652,"Alexis Cruz"
770770620,"Doug Shanklin"
771447968,"Mark Lennon"
162710614,"Thomas Sangster"
315435981,"Valentina Vladimirova"
410855269,"Brent Stait"
770939933,"Mike Cottrell"
770681790,"Valentina Talyzina"
770669765,"Sterling Frazier"
405588753,"Pernilla August"
770690313,"Paul Greene"
770914028,"Steve Boles"
770691369,"Michael Eklund"
770824694,"Kerry McKay"
770930518,"Laurens Moore"
771027866,"Robert Cope"
600337337,"Denis Arndt"
770739335,"Fern Emmett"
381422006,"David Clennon"
770962264,"Mark Heffernan"
770679082,"Michiko Jimenez"
162670080,"Jaime King"
770709045,"Alex Diakun"
770715304,"Gladys Blake"
174137607,"Kyoka Suzuki"
405589526,"Peggy Wood"
770699638,"Bengal"
770962278,"Kitty Muldoon"
770788925,"James Symington"
335717799,"Juano Hernandez"
326392258,"Patrick Warburton"
770817197,"Jeanine Camargo"
770938159,"Richard Oldfield"
196088490,"Patrick Huard"
771090719,"Alexis Tipton"
770963233,"Franca Scognetti"
355028264,"Tim Guinee"
770721361,"Jordan Christopher"
162749471,"Billy Wirth"
770914722,"Owen Bush"
770692776,"Don Beddoe"
364602945,"Anthony Eisley"
625222755,"Fumiko Orikasa"
771102663,"Jared Robbins"
162654226,"Bill Paxton"
479131637,"Dagmara Dominczyk"
770807839,"Joseph Gatt"
356196973,"Tobin Bell"
770793378,"Ken Parry"
770844333,"Olly Alexander"
162676269,"Michael Madsen"
771446502,"Paul K. Daniel"
186013190,"Robert Lepage"
770773380,"Doug Burch"
364632850,"Adam Conlon"
770695272,"Dorothy Granger"
771446503,"David Waite"
753851298,"Barbara Bosson"
770799370,"Ashley Eckstein"
770699772,"Frank Bresee"
364605105,"Ben Whishaw"
331935152,"George 'Gabby' Hayes"
770844206,"J.B. Ghuman Jr."
162654734,"Frances McDormand"
770799063,"Alyse Pozzo"
162654527,"David Strathairn"
770734514,"Cocoa Tea"
408634139,"Ashlee Levitch"
770727674,"Shakti"
284509210,"Phil Fondacaro"
335716430,"Sienna Miller"
770783901,"Pete Kowanko"
433542784,"Frank Moran"
770789732,"Marco Sanchez"
162686732,"Len Wiseman"
162701464,"Uwe Boll"
429367534,"Richard Burgi"
770746186,"Don Granberry"
721257995,"Charlie Chin"
770940914,"Jane Barnes"
771464113,"Jim Davis (XX)"
162687178,"Norifumi Suzuki"
771426770,"Nick Santoro"
770918054,"Bob Sarlatte"
770752289,"Sandy Brooke"
770733300,"Hagan Beggs"
770947837,"Danny Blackner"
770818861,"Rob Bottin"
162661544,"Corey Feldman"
770698665,"George Chandler"
770676128,"Ned Lander"
162655900,"Alec Guinness"
770678563,"Chuck Shamata"
162655491,"Amy Smart"
364606563,"Clifton Webb"
770748342,"Jah Mason"
770727697,"Bruce Forsyth"
727275478,"Lisa Waltz"
770986867,"Joseph A. Lepera"
351302268,"Eddie Bracken"
364659412,"Kate Mulgrew"
276737590,"Ed Lauter"
770719989,"Herb Vigran"
770918182,"Vincent Chandler"
416804328,"Stuart Campbell"
771380156,"Hans Molenkamp"
364646405,"Julian Glover"
392472102,"Michael Berryman"
770687682,"Amanda Fuller"
202590451,"Aytekin Akkaya"
754116391,"Jack Magner"
534309957,"Louis Jean Heydt"
770717934,"Thomas William"
770747655,"Igor Ovadis"
770932046,"Adrian Rosley"
770716789,"Frank Reicher"
770929234,"Momo Yashima"
467364020,"Rene Liu"
771027855,"Bodie "Tihoi" Taylor"
770962271,"Norman Erskine"
771447956,"Carole Childs"
162677050,"DeForest Kelley"
770691635,"Selma Stern"
770706717,"Thomas E. Jackson"
770962204,"Tom Lingham"
770913799,"Graham Ashley"
770924443,"Allison Caine"
415783343,"Mark Burns"
770928552,"Cynthia Gouw"
770892259,"Tom LeGarde"
771426773,"Joey Rubina"
770690049,"C. Juston Campbell"
338671161,"Dane Cook"
770682661,"Dale Wilson"
770749475,"David Michael"
377006808,"Adrian Lester"
770714712,"Harry Hayden"
770961968,"Christopher West"
410844472,"Sarah Strange"
770784616,"Kathryn Witt"
771495910,"Darren Jacobs"
326433067,"Brian Thompson"
770721342,"Annie Arbogast"
770847642,"Neil Fluellen"
771028929,"Elizabeth Sandy"
162662573,"Alfre Woodard"
770882129,"Anthony Newcastle"
326396915,"Saad Eddin Baqdoones"
770801064,"Jason Matthew Smith"
770942548,"Damian London"
751337402,"Tom Wright"
721623942,"Rodolfo Acosta"
770710985,"Helen Hanft"
770677416,"Peter Duncan"
770697575,"Billy Franey"
770962222,"Frank Force"
770930598,"Ian Liston"
162657484,"Miranda Richardson"
771027841,"Mimi Daraphet"
770917871,"Michael Edward-Stevens"
364612034,"Janice Rule"
381421834,"Catherine Tate"
770716336,"Art Mix"
329449569,"Boris Runge"
770839072,"Richard Karlan"
512289616,"Mark Heap"
770706317,"Dan Ellis"
770742896,"Jerry Gatlin"
771088080,"Nazneen Contractor"
770669866,"Branscombe Richmond"
378904498,"Sam Trammell"
771494271,"Viviana Cardenas"
770892258,"Kay Elliot"
326298318,"Jack Rollins"
770920595,"Matilda Calnan"
770947850,"Andrew Herd"
162659169,"Clint Eastwood"
162701701,"Hugh Quarshie"
770942753,"Al Berry"
770962242,"Peter Church"
326298973,"Jason Bateman"
770686983,"Ralph Cotterill"
770736304,"Don MacKay"
590545710,"Jack Lambert"
771426771,"Blake Ramsey"
770678891,"Donald Meek"
770835606,"Cynthia Addai-Robinson"
335717710,"Coleen Gray"
770758541,"Jonathan Young"
202590448,"Cuneyt Arkin"
162699361,"J.T. Walsh"
395114927,"Peter Jason"
771494270,"Lily Kenna"
359853495,"Beth Grant"
770693964,"Doris O'Connor"
770913291,"Bill Moor"
271450056,"John Anderson"
770935919,"Ron Colby"
364653747,"Michael Elphick"
162659115,"Winona Ryder"
262552548,"George Cleveland"
770712019,"Carrie Stevens"
162667248,"Ben Cross"
770894701,"Lady Bunny"
162660714,"Tyler Perry"
364621617,"Dustin Diamond"
771414247,"Anjini Azhar"
770959457,"Kevin Wiggins"
770733719,"Roberta Peters"
770734914,"Anthony Hamilton"
364611247,"Walter Abel"
770757818,"Steffany Huckaby"
162657080,"Elvis Presley"
770708238,"Amanda Blake"
238447168,"Paul Schneider"
351326313,"Anthony Crivello"
408634137,"Alex Daniels"
770727052,"Arthur Burghardt"
770969753,"Kee Chan"
770669868,"Jacqueline Brookes"
326395462,"Matt Newton"
770888190,"Ira Steven Behr"
364628074,"Ed Berke"
770725053,"Anita Cannibal"
770914831,"Jeff Michalski"
770717502,"Mark Acheson"
162673901,"John P. Ryan"
770731513,"Liz Sheridan"
162658536,"Don Johnson"
771030398,"Topper"
162657838,"Dean Stockwell"
770748592,"Violet Zaki"
770950860,"Ken Chapin"
770754681,"Kandeyce Jorden"
340115925,"Vernon Wells"
770743838,"Red Star Red Army Chorus and Dance Ensemble"
770939922,"Marian Goldina"
770757507,"Ken Kramer"
770713378,"Paul H. Kim"
770715357,"Olek Krupa"
364655556,"James Frey"
771257684,"Colleen Harris"
770788923,"Adam Michardi"
770726175,"Lee Roberts"
770943231,"White Flash the Horse"
771426761,"Rony"
770837055,"Chris Kirby"
770669851,"Paul Hungerford"
770709606,"Tifanie Christun"
771426766,"Helen Yeotis"
770962225,"Jeffrey Martin"
620809198,"Mark Hildreth"
770938837,"Joel Marston"
770927335,"Jeanne Mori"
770889528,"Jack Rice"
770726618,"Clydie King"
770677861,"Ken Utsui"
421792015,"Claudia Black"
770820624,"Diogo Morgado"
162697617,"Clive Revill"
770923827,"Sid Saylor"
771047197,"Alastair MacIntosh"
771037838,"Leon Thomas III"
770737458,"Ron Halder"
351527395,"Jessie Ralph"
771447957,"Amy Christian"
770962202,"Lisa Goulian"
770760284,"Jonathan Aris"
376875411,"Ed Quinn"
770680648,"Yuji Oda"
364616999,"Robin Curtis"
770710400,"Efrain Figueroa"
770916957,"Ed Johnson"
770927991,"Maxwell Shaw"
770935484,"John Horn"
770672780,"James Millican"
770913798,"Alex McCrindle"
770721127,"Stephan Jenkins"
770899602,"Ming-Na Wen"
162720862,"Melvin Van Peebles"
202601355,"Mark A. Altman"
770915167,"Jack Klaff"
597123360,"Phillip Bloch"
162686758,"Robert Englund"
405588809,"John Payne"
351527673,"Jessica Harper"
770710041,"Al Goldstein"
404561655,"John Normington"
770684522,"Robert Allen"
770796291,"Clifford Shegog"
770694686,"William Fawcett"
771093458,"Chelsea Kane"
770679250,"Mickey Morton"
162669493,"James Cagney"
770685969,"Sharon Thomas"
770928522,"Ezelle Poule"
770695604,"Lynne Roberts"
364607580,"Lee Majors"
771447974,"Edna Wright"
770962249,"Joan Neuman"
364611656,"Alberto Sordi"
770675978,"Thomas Kopache"
770893452,"Travis Clark"
771027842,"Sandi Finlay"
770832069,"Amin Joseph"
364625147,"Corinne Bohrer"
493966228,"Robert Miano"
771072241,"Julia Waters"
770695186,"Molly Sims"
771426764,"Eliezer Ortiz"
770684343,"Majel Barrett"
286584167,"Abbie Cornish"
771451004,"Chris Stamey"
771488369,"Daisy Ridley"
770944897,"Victor Truro"
770766118,"Ras Myrhdak"
162673695,"Tony Curtis"
770946257,"David Ruprecht"
364641381,"Frank Puglia"
770865491,"Alisha Klass"
770944589,"Maxine Ardell"
162664389,"Dan Aykroyd"
364636823,"Christopher Judge"
770686431,"Terence Kelly"
731001030,"Cass Daley"
770701638,"Norman Snow"
770782446,"Charlotte Crossley"
771084396,"Jacob Rhodes"
364623225,"Kenneth Tsang"
770719140,"Todd Susman"
770836880,"Brandon Hardesty"
770927493,"Steve Witting"
771446496,"Christopher Doohan"
770698072,"Alan Rachins"
162736756,"Michael Sacks"
770792463,"Brooke Lewis"
770721492,"Ryan MacDonald"
770711853,"Bernard Fox"
162661126,"John Neville"
162675227,"Alice Krige"
770783306,"Nicki Richards"
771439782,"Marc Belanger"
162666095,"Damon Wayans"
364609430,"Emily Longstreth"
364632637,"Dona Drake"
312276729,"Ginger Rogers"
770705562,"Victoria Floro"
770729394,"Renny McEvoy"
770928158,"E. Brian Dean"
770889953,"Barbara March"
770670141,"Matt Winston"
162668180,"Steven Bauer"
770690050,"Faye Bolt"
364617973,"Mary Beth Hughes"
770712598,"Diego Serrano"
162684042,"Troy Duffy"
770834204,"Hiromi Namino"
748170071,"Elyse Knox"
770712520,"Matt McHugh"
770933600,"Michael Sonya"
528758192,"Percy Helton"
770694345,"Walter Kingsford"
162653333,"Wes Craven"
364652207,"Jody Racicot"
364603983,"Matthias Hues"
770926830,"Stacey Toten"
770835039,"Denver Dixon"
770677771,"Bruce Springsteen"
770801243,"Mike Howden"
647817409,"Douglas Spain"
770690025,"Nolan North"
528348333,"Sebastian Shaw"
313889861,"Rie Kugimiya"
770670355,"Gina Hernandez"
771409061,"Ansel Elgort"
770677868,"Rod Cameron"
162655817,"Eva Gabor"
770762134,"Mike Birbiglia"
178810501,"Kevin Michael Richardson"
770962231,"Clyde King"
364611964,"David Essex"
770678375,"David Wells"
335715928,"Claudia Wells"
770744110,"Carl Mathews"
326299031,"Noah Segan"
770684084,"Charles Halton"
559573831,"Carole Landis"
355028246,"Alice Eve"
770962245,"Thomas H. Watkins"
770887076,"Ayrton Senna"
770671469,"Charles Cooper"
162653788,"Miguel Ferrer"
770794162,"Sean Curley"
770676720,"Tommy Noonan"
364653982,"Geoff Bell"
162673323,"Anton Yelchin"
364660718,"Bruce Spence"
770809156,"Barry Lowe"
770684366,"M. Ivanin"
770677942,"Billy Van Zandt"
770725802,"Nalona Herron"
351524779,"Robert Wagner"
770718593,"Frank Ellis"
770923837,"Robert E. O'Connor"
770832000,"Deborah Wakeham"
178810497,"Tom Kane"
348376264,"Atte Joutsen"
770738937,"Justin Ipock"
770719709,"Jess Kirkpatrick"
771067979,"Elsa Villafane"
770734007,"Romi Park"
364635623,"Steve Forrest"
364620107,"John Maxwell"
770821101,"David Newell"
162664062,"Candice Bergen"
770924436,"Robert Starr"
770836633,"Gerard Monaco"
770710065,"Conrad Bain"
770693965,"Conan MacLafferty"
470650926,"Jerry Kroll"
364599310,"Alice Hirson"
770712345,"Lenore Kasdorf"
385330858,"Michael Herz & Llyod Kaufman"
771104216,"James Newton Howard"
770685921,"Richard Angarola"
771047199,"Carlos Besse Peres"
162721051,"Jennifer Morrison (II)"
770913806,"Betty Bunch"
770721343,"Femi Taylor"
162654289,"Chris Cooper"
576294341,"Maureen McCormick"
771020661,"Dana Min Goodman"
770774526,"Tracy Davis"
770920455,"The Jordanaires"
770938634,"Keith Hefner"
770764936,"Camille Paglia"
162663819,"Joe Mantegna"
770925586,"A.W. Sweatt"
770695617,"Alan Dale"
770811391,"Adolfo Belletti"
630715376,"Maria Menounos"
770796067,"Asami Ogawa"
162670092,"Hal Linden"
770670126,"Ford Rainey"
162671515,"Jamie Kennedy"
364654846,"Joel Kramer"
770680971,"Dan Rather"
770688039,"Elina Madison"
770720388,"Brian Blain"
428524506,"Karoliina Blackburn"
770690180,"Dawn Wildsmith"
405589468,"Harry Fowler"
770678027,"Steve Susskind"
770749895,"Jack Moore"
770818290,"Donnie Jeffcoat"
770937179,"Lindy Skyles"
578153267,"Amy Wright"
770920191,"Gus Mattox"
771494276,"Jennifer Kline"
771101335,"Erindera Farga"
162655725,"Sterling Holloway"
770675142,"Jesse Jane"
770674398,"Deborah Geffner"
770946085,"Bigelow Sayre"
770725057,"Tabitha Stevens"
770953833,"Florence Shirley"
770953744,"Edward S. Kotkin"
770787978,"Bill Quinn"
368451877,"Steven Culp"
770678638,"Paul F. Davies"
771351155,"Judith Hill"
770924289,"Paula Raflo"
770697812,"Frank Edward Nora"
770722592,"Christopher Curry"
770823731,"John O'May"
507669610,"Rachel Dratch"
315434791,"Yuri Nikulin"
433542524,"Ralph Morgan"
771446498,"Gianna Simone"
770858029,"Katherine Stewart"
770802045,"Danielle Campbell"
771414238,"Janel Tsai"
770815491,"Richard Roeper"
175385358,"Hugh Griffith"
770843929,"Bob Stone"
364623938,"David Lipman"
770757508,"Rebecca Toolan"
162687886,"Heather Langenkamp"
770679258,"Seth Gilliam"
771027856,"Keira Wingate"
770847751,"Pip Miller"
351527141,"Jane Wyatt"
460712829,"Danielle Harris"
771028497,"John Beuhler"
770826456,"Toru Tanaka Jr."
770927168,"Ken Howell"
162655985,"Kim Cattrall"
771067984,"Drew Seltzer"
770986868,"Lial Mathias"
770962226,"Cynthia Blaise"
364599112,"Kirk R. Thatcher"
770681819,"Darlena Tejeiro"
770686164,"Morgan Wallace"
770724214,"Virginia Brissac"
162654278,"Joss Whedon"
770757034,"Joe Brooks"
771428680,"Deserae Struthers"
770962248,"Howard Kissel"
771402758,"Kurunagar Manimaran"
162674446,"Dan O'Herlihy"
364636514,"Butch  Patrick"
770685709,"Owen Hawk"
364597464,"Peter Dante"
162652156,"Samuel L. Jackson"
364624835,"Suzanne Snyder"
364656166,"Ron Jeremy"
770734857,"Alex Henteloff"
770785863,"Monty Hoffman"
771380157,"Payman Benz"
746889865,"Roger Ashton-Griffiths"
770809566,"Oscar Gahan"
770967484,"Barbara Freeman"
770831716,"John Shay"
771446585,"Jon Orvasky"
364623269,"Julie LeBreton"
391491613,"Richard Jaeckel"
364613812,"Virginia Mayo"
770865146,"Gwen Van Dam"
771060267,"Michael David Aragon"
770680084,"Dan Mason"
770866493,"Rafi Naabzada"
770693299,"Earl Dwire"
770715237,"Christopher John Fields"
770962199,"Shelly Ingram"
770732285,"Tony Orlando"
247612019,"Kathleen Barr"
162699968,"Rose Byrne"
770737678,"J. Patrick McCormack"
326434053,"Lauren Shuler Donner"
770794961,"Bettina Busch"
770891249,"Barry Weiss"
427819122,"Alexander Siddig"
395114926,"George 'Buck' Flower"
364661882,"Joe Spinell"
770986870,"Vivian Louise Schilling"
771385106,"Keith Richards (I)"
770804673,"Jeff Munson"
395113140,"Derrick O'Connor"
770693958,"Jeff Walters"
770866495,"Hameed Sakhizada"
770962228,"Katie Jane Johnston"
770941355,"Dan Frishman"
771398164,"Ingrid Jean-Baptiste"
770942180,"Frances Pole"
770723308,"Dirk Blocker"
770686350,"Veronica Hart"
162674562,"Rae Dawn Chong"
770672038,"Takehito Koyasu"
771447963,"Peewee Hill"
770781984,"Lisa Gordon"
770972320,"Sid Grauman"
750902810,"Marshall R. Teague"
770726940,"Katherine Romaine"
771051760,"Dr. Mable John"
770675310,"Candis Cayne"
770772419,"Eric Bruskotter"
770674110,"Patrick Breen"
162654528,"George Clooney"
770921399,"Aaron Ginn Forsberg"
364519717,"Lee-Hom Wang"
770929869,"Mary Jo Slater"
770780523,"Richard Tatro"
770684228,"Jason Brannon"
770717407,"Yellowman"
770916317,"John Meier"
364620950,"Nikki Nova"
364660972,"Adam Faith"
770729727,"Bill Neff"
770676858,"Kimberly Hawthorne"
364602861,"Susan Hayward"
770775823,"Herbert Siguenza"
770962223,"Vadia Potenza"
770831757,"Ines Des Longchamps"
770766114,"Biggaton"
770920665,"Kenny Endoso"
162658741,"George C. Scott"
770942661,"Bert Michaels"
421532972,"Michael Shamus Wiles"
770670029,"Hayden Rorke"
770967646,"Jade Barrett"
770714947,"Paul Stanton"
771019835,"Tim Hartman"
770683751,"Suzy Nakamura"
770860856,"Sharen Davis"
771127411,"T. Wine"
771027839,"Kristy Wright"
770769536,"Matt Mercer"
770694263,"Emerson Treacy"
771375753,"David Ajala"
770719663,"Anne Benton"
770759201,"Lorraine Miller"
771447971,"Tiffany Riddick"
686049984,"Hisashi Igawa"
770750119,"Cusse Mankuma"
364638771,"Barry Corbin"
770673638,"Jack H. Harris"
288356077,"Julian Rhind-Tutt"
770740755,"Raf Mauro"
770729076,"Jeffrey Chase"
770962247,"Judith Crist"
771016094,"Jesper Inglis"
770852945,"Janos Honkonen"
770722757,"Jeremy Sinden"
770682791,"Lauren Bowles"
364597416,"Strother Martin"
165245432,"Norman Browning"
594268105,"Owen Moore"
770689481,"Jeff Harris"
771447961,"Mikie Harris"
771446494,"Berit Francis"
162670098,"Rosie O'Donnell"
770693369,"James Huang"
770834207,"Shun Domon"
364611960,"Keith Moon"
162681824,"Sammy Davis Jr."
770879997,"Cathie Shirriff"
770715934,"Lysa Flores"
770719136,"William Haade"
162682763,"Dina Pathak"
771045067,"William Sterchi"
770962238,"Barbara Sandland"
162711071,"Gabriel Casseus"
162668964,"Julian Sands"
770700860,"Lenny Rose"
770692190,"Kenneth Danziger"
162665838,"Pauly Shore"
162652552,"Burt Reynolds"
162662195,"Stephen Lang"
771446505,"Drew Grey"
162652171,"Monet Mazur"
770694666,"Toni Trucks"
770962272,"Buster Stiggs"
770783943,"Hans Bachman"
770745657,"Eddie Marr"
313889862,"Kenji Utsumi"
202590454,"Huseyin Peyda"
770942338,"Jock Livingston"
770721152,"Russell Hopton"
162654579,"Susan Sarandon"
770735674,"Kirk Scott"
770699380,"Phil Rubenstein"
397436623,"C. Ernst Harth"
771067978,"Todd Latourrette"
770750664,"General Degree"
770866494,"Lima Sahar"
364658498,"Mark Williams"
326396406,"Claudie Blakley"
770759493,"Hristo Mitzkov"
364597465,"Jonathan Loughran"
162679021,"Laurie Metcalf"
770703617,"Amanda Hale"
770838558,"Barbara Streisand"
770828556,"Nick Harvey"
771447960,"Susaye Green"
162678289,"Alan Ruck"
162696882,"Charles Berling"
770677896,"Robert Harvey"
771027846,"Matt Rowan"
162657729,"Bob Hope"
162662242,"Stuart Townsend"
501968497,"Conan O'Brien"
770803335,"Deborah Johnson"
405589463,"Denise Coffey"
364602569,"Marshall Neilan"
162657879,"Max von Sydow"
384723882,"Richard Dean Anderson"
770675020,"Claude King"
162672131,"Stella Stevens"
770959793,"Helene Chadwick"
162731195,"Chris Penn"
313941972,"William Bendix"
770817211,"Tom Mannion"
770741676,"Antonia Campbell-Hughes"
771027853,"Amanda Lucas"
771426774,"Kristina Rose"
771041662,"Dominique Kelley"
770962221,"Joe W. Davis"
770926779,"Clarence H. Wilson"
771027849,"Marty Wetherill"
770671539,"Dean Norris"
770800086,"Stephen Bruton"
162653738,"Cheech Marin"
770962273,"Ian Gilroy"
770768693,"Nina Jones"
162657337,"Cecil B. DeMille"
770677783,"Kevin Nealon"
770806626,"George Cheseboro"
770764327,"Gay Gaspar"
771502134,"Alex Essoe"
770677011,"Chuck Hicks"
162652402,"Drew Barrymore"
351527581,"Neil Patrick Harris"
162660009,"Martin Sheen"
771387369,"Adam Driver"
770675209,"Edwin Maxwell"
770926083,"Bobbi Bresee"
770914334,"Elizabeth Flournoy"
770857892,"Martha Sherrill"
162664405,"Christina Ricci"
162699707,"Moses Gunn"
771027852,"Amy Allen"
770713317,"Jothika"
770950078,"Alice Kirby"
770670702,"Kumar Gaurav"
770779721,"Jolie Jackunas"
326299610,"David Hasselhoff"
770677979,"Yee Jee Tso"
770927786,"Wendy Womble"
770928266,"Art Ortego"
770924204,"Sherry Tansey"
770962250,"Gustave Tassell"
770677854,"Walter Woolf King"
770673400,"Clifton James"
770723988,"Joanna Scanlan"
162664630,"Sylvester Stallone"
770747186,"John Moschitta Jr."
745781870,"Jack Smith"
444129912,"Wayne Pygram"
770674712,"Perry Lopez"
162720708,"Jaye Davidson"
770943379,"David Ralphe"
313941971,"Macdonald Carey"
770962229,"Ursula Kent"
770728712,"Richard Hench"
770786022,"Peggy Pope"
770713434,"Paul Sorenson"
335716869,"Macha Grenon"
162670305,"Malcolm McDowell"
243317554,"Marta Heflin"
162663421,"Paul Michael Glaser"
770793820,"Nicole Ghastin"
770939931,"Michael Edmonds"
770886216,"Maynard Holmes"
770962234,"Lotus Robb"
770698260,"Kazuya Tatekabe"
770719901,"Toni Zobel"
770866127,"Lars Green"
770755837,"Rob Glick"
770723947,"Artie Lewis"
364626530,"Brande Roderick"
770848075,"James Brown (II)"
770941036,"Garrett Lewis"
162713132,"Loren Dean"
771426755,"Tracy Correll"
165245435,"Don S. Davis"
770673605,"Maggie Castle"
162715703,"Bruce Abbott"
162711361,"Richard Edson"
770735886,"Derwin Jordan"
364615604,"George Takei"
381421523,"Finlay Currie"
770710570,"Benjamin Rayson"
453915905,"Andrew Duncan"
425566691,"Peter Genovese"
771084793,"Gwei Lunmei"
771101333,"Nick Windebank"
749184364,"Nichelle Nichols"
770731817,"Luigi Antonio Guerra"
771060253,"Aaron Shiver"
770739306,"Marcy Lafferty"
770789156,"Connor Trinneer"
770688778,"Tanay Chheda"
770682450,"Joel West"
770782515,"Wendy Schumacher"
162701073,"Matthew Davis"
770671563,"Travis Willingham"
770674322,"Arte Johnson"
771497135,"Shelly Bhalla"
364616671,"John O'Leary"
162662802,"Dominic West"
771027865,"David Stiff"
770723946,"Allen Jung"
770743582,"Ross O'Donovan"
770678197,"Kevin McNulty"
162662642,"Roger Moore"
771059604,"Julia Wolov"
770684172,"Lindsay Gareth"
770711854,"Trisha Noble"
770804254,"Allison Biggers"
162655698,"Phil Harris"
162655020,"Joan Cusack"
358317901,"Jeremy Bulloch"
770690484,"Charles Kim"
770814350,"John Day"
770986869,"Mimi Monaco"
162659108,"Joel Schumacher"
162665303,"Cliff Robertson"
770951048,"Jeanette Landis"
770810919,"Bill Carpenter"
770750632,"Bill Brown"
162694477,"Stan Winston"
162658723,"Peter Cushing"
770884473,"Billy Dooley"
770968370,"Carl Duniholm"
770740614,"Leonard Horowitz"
770824949,"James Hiroyuki Liao"
770751826,"Kimberly Spreen"
770941226,"Nadine Darling"
335716559,"Roger Rees"
162660054,"Kevin Rodney Sullivan"
770829594,"Rosa Turich"
162682372,"Anne De Salvo"
770913809,"Pat Lee"
162664731,"Christopher Lambert"
162653601,"Charles Durning"
770929833,"Ray Hassett"
770717010,"George Innes"
364635625,"John McIntire"
770929913,"Jon Rashad Kamal"
770877711,"Hrach Titizian"
162654979,"Jack Nicholson"
770678043,"Olivia Hack"
770747763,"Jean Brassard"
770686558,"Susan Silo"
535058587,"Robert Hooks"
771084553,"Jessie Payo"
418812506,"Robert Wisden"
770916324,"Danny Rogers"
770711672,"Vijay Amritraj"
162668124,"William Devane"
770940806,"Bill Lytle"
162702152,"Clarence Williams III"
770949232,"Gianin Loffler"
770698129,"Malcolm Tierney"
770810920,"Cecilia Swan"
162733204,"Joel Edgerton"
770710921,"Wallis Clark"
162660329,"Kirk Cameron"
770673731,"Marcy Goldman"
770760829,"Joey Simmrin"
770943865,"Stephen Manley"
770934609,"Dorothy Kennedy"
770933283,"Wade Barnes"
770941392,"Kay Eklund"
770786092,"Miles Watkins"
770705599,"James Luisi"
770819741,"Mary Henderson"
770670697,"Arthur Hunnicutt"
162654560,"Keira Knightley"
528392210,"Karl Bury"
751168700,"Andrei Mironov"
770691085,"Irving Metzman"
770853861,"Carl Don"
770730115,"Miyuki Tanigawa"
162655731,"James Earl Jones"
162665801,"Kirstie Alley"
364601829,"Joe Lando"
162655925,"Howard Morris"
770688404,"Joanne Linville"
770725204,"Leonard Penn"
770692863,"Wilton Graff"
453132348,"Richard Loo"
770682469,"Al Sapienza"
770749445,"Helen Stenborg"
285256260,"Thomas Gibson"
771101338,"Matt Janega"
770719138,"Richard Coca"
771426757,"Krystle Alexander"
770865492,"Kenny Dollar"
770697078,"Iza Calzado"
326391108,"Brian Tee"
770730377,"Jill Richards"
770933687,"Jennifer Shull"
770728116,"Peter Hobbs"
429322549,"Celia Weston"
162727585,"Gary Jones"
770892256,"Jim Goodwin"
770690311,"Christian Boeving"
771037991,"Catherine Taber"
