9,162652153,"Anakin Skywalker/Darth Vader"
9,162652152,"Obi-Wan Kenobi"
9,162652154,"Padme Amidala"
9,162652155,"Supreme Chancellor Palpatine / Darth Sidious"
9,162652156,"Mace Windu"
9,162656296,"Yoda"
9,162691723,"Senator Bail Organa"
9,425838884,"Chewbacca"
9,178810494,"C-3PO"
9,418638213,"R2-D2"
9,162655731,"Darth Vader"
9,507677272,"Jar Jar Binks"
9,770921592,"Captain Typho"
9,770780672,"Agen Kolar"
9,373177732,"Mas Amedda"
9,771027841,"Bultar Swan"
9,770678638,""
9,771027842,"Sly Moore"
9,771027843,"Barriss Offee"
9,771027844,"Saesee Tiin"
9,771027845,"Luminara Unduli"
9,771027846,"Senator Orn Free Taa"
9,771027847,"Shaak Ti"
9,771027848,"Rune Haako"
9,771027849,"Passel Argente"
9,162733204,"Owen Lars"
9,309684316,"Nee Alavar"
9,770969753,"Male-Dee"
9,771027850,"Handmaiden"
9,770837055,"Giddean Danu"
9,771027851,"Queen of Alderaan"
9,770911854,"Captain Antilles"
9,770961398,"Fang Zar"
9,771027839,"Motee"
9,364660718,"Tion Meddon"
9,770671679,"Mon Mothma"
9,770711854,"Jobal Naberrie"
9,771027840,"Beru Whitesun"
9,162714169,""
9,162660158,"Queen of Naboo"
9,770699940,"General Grievous (Voice)"
9,162652385,"Count Dooku"
9,753745005,"Ki-Adi-Mundi"
9,444129912,"Governor Tarkin"
9,196103011,"Commander Cody"
9,770726713,"Sio Bibble"
9,358317901,"Captain Colton"
9,771027853,"Terr Taneel"
9,770787914,"Plo Koon"
9,771027854,"Zett Jukassa"
9,771027852,"Aayla Secura"
9,771027855,"Clone Trooper"
9,548155708,"Ruwee Naberrie"
9,284442167,"Sola Naberrie"
9,771027856,"Ryoo Naberrie"
9,771027857,"Pooja Naberrie"
9,771027858,"Chi Eekway"
9,771027859,"Whie"
9,771027860,"Bene"
9,771027861,"Wookiee"
9,771027862,"Wookiee"
9,771027863,"Wookiee"
9,771027864,"Wookiee"
9,770676760,"Wookiee"
9,771027865,"Wookiee"
9,771027866,"Wookiee"
770670074,770670702,""
770670074,395112547,""
770670074,162677203,""
770670074,770725728,""
770670074,471176821,""
770670074,162682763,""
770670074,770671023,""
770689561,162660816,""
770689561,162652511,""
770689561,770713317,""
770689561,770713318,""
770689561,770695744,""
770689561,391514739,""
770689561,770713319,""
770689561,770710675,""
770673029,326393041,"James Kirk"
770673029,770678894,"Spock"
770673029,162664667,"Spock Prime"
770673029,162662190,"Capt. Nero"
770673029,162654291,"Capt. Christopher Pike"
770673029,162654704,"Leonard "Bones" McCoy"
770673029,162660050,"Uhura"
770673029,162684057,"Scotty"
770673029,300371277,"Sulu"
770673029,162673323,"Pavel Checkov"
770673029,162659115,"Amanda Grayson"
770673029,770829335,"George Kirk"
770673029,162654290,"Ayel"
770673029,162667248,"Sarek"
770673029,162660714,"Adm. Richard Barnett"
770673029,162721051,"Winona Kirk"
770673029,162652369,"James Kirk (young)"
770673029,770681819,"Flight Officer"
770673029,162652371,"Gaila"
770673029,770720945,"Hannity"
770673029,771050668,"Starfleet Computer"
771190753,326393041,"Kirk"
771190753,770678894,"Spock"
771190753,162660050,"Uhura"
771190753,162654704,"Bones"
771190753,162684057,"Scotty"
771190753,300371277,"Sulu"
771190753,355028249,"John Harrison"
771190753,162673323,"Chekov"
771190753,162654291,"Pike"
771190753,162661568,"Marcus"
771190753,355028246,"Carol"
771190753,364640371,"Thomas Harewood"
771190753,771088080,"Rima Harewood"
771190753,770720945,"Ensign Brackett"
771190753,771105085,"Lieutenant Chapin"
771190753,771105460,"Ensign Froman"
771190753,770872565,"Navigation Officer Darwin"
771190753,770807839,"Science Officer 0718"
771190753,770876730,"Lead Nibiran"
771190753,770734685,"Nibiran"
771190753,771446492,"Madeline"
771190753,364640941,"Klingon"
771190753,770806661,"Klingon"
771190753,162689134,"Captain Abbot"
771190753,162652821,"Keenser"
771190753,771414247,"Lucille Harewood"
771190753,770681181,"Doctor"
771190753,770772080,"Girl"
771190753,770801064,"Cupcake"
771190753,770829335,"George Kirk"
771190753,162721051,"Winona Kirk"
771190753,771223035,"U.S.S. Enterprise Shuttle Ensign"
771190753,770789732,"Torpedo Security"
771190753,770708523,"Uniformed Mercenary"
771190753,770670102,"U.S.S. Vengeance Officer"
771190753,771446493,"U.S.S. Vengeance Officer"
771190753,770690025,"U.S.S. Vengeance Bridge Officer"
771190753,770824949,"U.S.S. Vengeance Bridge Officer"
771190753,770825134,"U.S.S. Vengeance Ensign"
771190753,771446494,"Starfleet Admiral"
771190753,162652328,"Starfleet Admiral"
771190753,771446495,"Starfleet Admiral"
771190753,771446496,"Transport Officer"
771190753,771446497,"U.S.S. Enterprise Bridge Crew Member"
771190753,771446498,"U.S.S. Enterprise Bridge Crew Member"
771190753,771075262,"U.S.S. Enterprise Bridge Crew"
771190753,771096004,"U.S.S. Enterprise Bridge Crew"
771190753,771063926,"U.S.S. Enterprise Bridge Crew Member"
771190753,771446499,"U.S.S. Enterprise Bridge Crew Member"
771190753,771446500,"U.S.S. Enterprise Bridge Crew Member"
771190753,771257684,"Lady V"
771190753,770729076,"U.S.S. Enterprise Security"
771190753,771446501,"U.S.S. Enterprise Nurse"
771190753,771446502,"Shuttle Pilot"
771190753,771384447,"U.S.S. Enterprise Red Shirt"
771190753,162687886,"Moto"
771190753,771446503,"U.S.S. Enterprise Crew"
771190753,771446504,"Bar Girl"
771190753,770835606,"San Francisco Woman"
771190753,771446505,"San Francisco Bar Patron"
771190753,771446506,"U.S.S. Vengeance Security"
771190753,771034181,"San Francisco Resident"
771190753,771446507,"San Francisco Resident"
771190753,771446508,"San Francisco Resident"
771190753,771016094,"San Francisco Resident"
771190753,771084396,"Nibiru Child"
771190753,771446509,"Nibiru Child"
771190753,770791385,"Shaku"
771190753,771446582,"Starfleet Ceremonial Guard"
771190753,771446583,"Starfleet Ceremonial Guard"
771190753,771446584,"Starfleet Ceremonial Guard"
771190753,771446585,"Starfleet Ceremonial Guard"
771190753,770702201,"Starfleet Memorial Admiral"
771190753,771446586,"Starfleet Memorial Admiral"
392799904,162654834,"Yvaine"
392799904,162660689,"Lamia"
392799904,162655521,"Captain Shakespeare"
392799904,392799906,"Tristan"
392799904,335716430,"Victoria"
392799904,378620549,"Ferdy the Fence"
392799904,162662243,"Primus"
392799904,162653375,"Secundus"
392799904,162657286,"King"
392799904,478055173,"Septimus"
392799904,770669575,"Slave Girl/Una"
392799904,162653241,"Narrator"
392799904,771047196,"Young Scientist"
392799904,771047197,"Victorian Academic"
392799904,162652819,"Guard"
392799904,560040614,"Young Dunstan"
392799904,770686500,"Ditchwater Sal"
392799904,341817917,"Humphrey"
392799904,162704687,"Dunstan"
392799904,770718593,"Mr. Monday"
392799904,512289616,"Tertius"
392799904,770722703,"Bishop"
392799904,770737052,"Sextus"
392799904,288356077,"Quartus"
392799904,771047163,"Quintus"
392799904,543551902,"Empusa"
392799904,770723988,"Mormo"
392799904,770717010,"Soothsayer"
392799904,770807378,"Bernard"
392799904,771037827,"Lackey"
392799904,364658498,"Billy"
392799904,770806200,"Girl Bernard"
392799904,771047198,"Yvaine's Sister"
392799904,162710730,"Skinny Pirate"
392799904,770990779,"Old Pirate"
392799904,364653982,"Receptionist"
392799904,415783343,"New Bishop"
392799904,770757284,"Pirate"
392799904,771047199,"Pirate"
392799904,771047200,"Pirate"
392799904,770673939,"Pirate"
392799904,770778524,"Pirate"
392799904,770864951,"Pirate"
392799904,162749462,""
392799904,162690499,""
392799904,770715357,""
770790932,162654528,"Lyn Cassady"
770790932,162652152,"Bob Wilton"
770790932,162655890,"Bill Django"
770790932,162657625,"Larry Hooper"
770790932,162662195,"General Hopgood"
770790932,162655397,"Todd Nixon"
770790932,771067976,"Mahmud Daash"
770790932,326394905,"Gus Lacey"
770790932,171889887,"Major Jim Holtz"
770790932,770669630,"Scotty Mercer"
770790932,770688651,"Tim Kootz"
770790932,770727784,"Deborah Wilton"
770790932,771067977,"Lieutenant Boone"
770790932,771067978,"Dave"
770790932,770824900,"Ron"
770790932,771067979,"Gus' Mother"
770790932,771067980,"Kuwait Waiter"
770790932,771067981,"Journalist #1"
770790932,528346447,"Journalist #2"
770790932,770780974,"Vietnam Soldier"
770790932,326395462,"Vietnam Private Chris"
770790932,771067982,"VC Woman"
770790932,770723709,"General Brown"
770790932,770877711,"Kidnapper #1"
770790932,771067983,"Kidnapper #2"
770790932,770678379,"Iraqi Driver"
770790932,771067984,"Technician"
770790932,771067985,"Lyn's Father"
770790932,770794162,"Lyn (12 years old)"
770790932,771060267,"Insurgent"
770790932,770824099,"Ben Echmeyer"
770790932,770794222,"Krom - Phil Driver"
770790932,770885438,"Krom - Texan"
770790932,770712598,"Krom - Chilean"
770790932,771067986,"Krom - 3rd Security Man"
770790932,770709160,"CIA Agent"
770790932,770959457,"Major General Jack Gillian"
770790932,771067987,"Clifford Hickox"
770790932,771060253,"Norm Pendleton"
770790932,771067988,"Major General Pendleton"
770790932,770927493,"PSIC Worker #1"
770790932,770680263,"PSIC Worker #2"
770790932,771067989,"Amry Soldier"
770790932,771067990,"Stryker Soldier"
770790932,771045067,"Bob's Editor"
770790932,592170459,""
10009,162652152,"Obi-Wan Kenobi"
10009,162652154,"Padme Amidala"
10009,162652153,"Anakin Skywalker"
10009,162652385,"Count Dooku"
10009,162652156,"Mace Windu"
10009,162656296,"Yoda"
10009,162652155,"Supreme Chancellor Palpatine"
10009,405588753,"Shmi Skywalker"
10009,196103011,"Jango Fett"
10009,162691723,"Bail Organa"
10009,162682161,"Cliegg Lars"
10009,428920281,"Zam Wesell"
10009,507677272,"Achk Med-Beq"
10009,162699968,"Dorme"
10009,770726713,"Sio Bibble"
10009,770949409,"Dexter Jettster"
10009,770921592,"Captain Typho"
10009,770726711,"Watto"
10009,178810494,"C-3PO"
10009,418638213,"R2-D2"
10009,753745005,"Ki-Adi-Mundi"
10009,753745001,"Boba Fett"
10009,548155708,"Ruwee Naberrie"
10009,373177732,"Mas Amedda"
10009,326394327,"Ayesha Dharker"
10009,770710190,"Elan Sleazebaggano"
10009,162733204,"Owen Lars"
10009,284442167,"Sola Naberrie"
10009,770693368,"Jocasta Nu"
10009,770711854,"Jobal Naberrie"
10009,309684316,"Taun We"
10009,770712374,"Lama Su"
10009,162718445,"Hermione Bagwa"
10009,770787914,"Plo Koon"
10009,421513414,"Naboo Lieutenant"
771321699,425838884,"Chewbacca"
771321699,162661579,""
771321699,162665747,""
771321699,162663355,""
771321699,771099376,""
771321699,771488369,""
771321699,771387369,""
771321699,364655827,""
771321699,269710329,""
771321699,770702167,""
771321699,162657879,""
771321699,178810494,""
771321699,418638213,""
771321699,770836406,""
771321699,771060732,""
771321699,771497341,""
771321699,771497342,""
771362216,770771828,"Eric"
771362216,284495637,"Neville"
771362216,326394482,"Oliver"
771362216,385329967,"Governor Hayes"
771362216,770724267,"Spencer"
771362216,771375753,"Tyrone"
771362216,771400014,""
771362216,770933545,""
771362216,771407922,""
771362216,770696532,""
771365948,770676364,"Hazel"
771365948,771409061,"Gus"
771365948,162668400,"Van Houten"
771365948,459518388,"Isaac"
771365948,162654251,"Frannie"
771365948,770762134,"Patrick"
771365948,378904498,"Michael"
771365948,771381692,"Monica"
771365948,770830560,"Lidewij"
771365948,771494265,"Dr. Maria"
771365948,770935249,"Dr. Simmons"
771365948,771494266,"Flight Attendant"
771365948,771028017,"Gus's Dad"
771365948,771099772,"Gus's Mom"
771365948,771424196,"Hostess"
771365948,771376083,"Monica's Mom"
771365948,771019835,"Minister"
771365948,771494267,"Speaker #1 (Beth)"
771365948,771494268,"Speaker #2 (Alexis)"
771365948,770747763,"Waiter"
771365948,771494269,"Young Girl (Alisa)"
771365948,771494270,"Young Hazel"
771365948,770906446,"European"
771365948,771494271,"Support Group Member (Julie)"
771365948,771494272,"Speaker #3 (Sid)"
771365948,771494273,"Speaker #4 (PJ)"
771365948,771494274,"Gus' Leg Double"
771365948,771494275,"Coffee Shop Worker"
771365948,771494276,"Giggling Girl"
771365948,771422380,"Voice of Anne Frank"
10008,162652152,"Obi-Wan Kenobi"
10008,162652242,"Qui-Gon Jinn"
10008,162652154,"Queen Amidala / Padme Naberrie"
10008,162662392,"Anakin Skywalker"
10008,405588753,"Shmi Skywalker"
10008,162656296,"Yoda"
10008,162652155,"Senator Palpatine"
10008,770726713,"Sio Bibble"
10008,162701701,"Captain Panaka"
10008,507677272,"Jar Jar Binks"
10008,162652156,"Mace Windu"
10008,385331045,"Darth Maul"
10008,326433943,"Ric Olie"
10008,162701660,"Chancellor Valorum"
10008,385329115,"Boss Nass"
10008,162685638,"Sache"
10008,178810494,"C-3PO"
10008,770719093,"Beed"
10008,162654560,"Decoy Queen"
10008,418638213,"R2D2"
10008,753745005,""
10008,753748749,""
770683913,770699725,"Anakin Skywalker"
770683913,770799370,"Ahsoka Tano"
770683913,178810504,"4-A7"
770683913,551528216,"Captain Rex"
770683913,178810497,"Admiral Yularen"
770683913,770766123,"Asajj Ventress"
770683913,341815427,"Chancellor Palpatine"
770683913,178810488,"General Loathsom"
770683913,771037991,"Padme Amidala"
770683913,770699940,"Battle Droids"
770683913,178810501,"Jabba the Hut"
770683913,771063058,"Rotta the Huttlet"
770683913,162652156,"Mace Windu"
770683913,178810494,"C3PO"
770683913,162652385,"Count Dooku"
770683913,162665747,"Luke Skywalker"
770683913,162661579,"Han Solo"
770683913,162663355,"Princess Leia"
770683913,162658723,"Grand Moff Tarkin"
770683913,162655900,"Ben "Obi-Wan" Kenobi"
770683913,418638213,"R2-D2"
770683913,425838884,"Chewbacca"
770683913,603676177,"Darth Vader"
770683913,711983163,"Uncle Owen Lars"
770683913,770827012,"Aunt Beru Lars"
770683913,770912593,"Chief Jawa"
770683913,770673360,"Gen. Willard"
770683913,749009433,"Gen. Taggi"
770683913,770915167,"Red Four (John "D")"
770683913,401186786,"Red Leader"
770683913,770722757,"Gold Two"
770683913,770913799,"Gold Five"
770683913,770927484,"Red Three (Biggs)"
770683913,358187120,"Red Six (Porkins)"
770683913,162655731,"Darth Vader"
770683913,768117486,"Red Two (Wedge)"
770683913,770713588,"Gen. Motti"
770683913,770673809,"Gold Leader"
770683913,770913798,"Gen. Dodonna"
770683913,770731999,"Commander No. 1"
770683913,770698129,"Officer in Detention Area (uncredited)"
770683913,770714016,""
770683913,289633122,""
11366,162665747,"Luke Skywalker"
11366,162661579,"Han Solo"
11366,162663355,"Princess Leia"
11366,162656403,"Lando Calrissian"
11366,178810494,"C-3PO"
11366,425838884,"Chewbacca"
11366,162652155,"Emperor Palpatine"
11366,603676177,"Darth Vader"
11366,162655731,"Darth Vader"
11366,162655900,"Ben "Obi-Wan" Kenobi"
11366,162656296,"Yoda"
11366,528348333,"Anakin Skywalker"
11366,418638213,"R2-D2"
11366,309945691,"Moff Jerjerrod"
11366,770674077,"Admiral Piett"
11366,770721345,"Bib Fortuna"
11366,768117486,"Wedge"
11366,770721260,"Admiral Ackbar"
11366,770682911,"Gen. Madine"
11366,770933206,""
11366,770947827,""
11366,770939931,"Logray"
11366,770940807,""
11366,770711934,""
11366,770940806,""
11366,770891954,""
11366,770939933,"Ewok Warrior"
11366,770941355,""
11366,770958643,""
11366,770958644,""
11366,770692518,"Mon Mothma"
11366,162659692,"Wicket"
11366,358317901,"Boba Fett"
11366,770721343,"Oola"
11366,770721342,"Sy Snootles"
11366,770692355,"Fat Dancer"
11366,770912593,"Teebo"
11366,770751906,"Ewok Wanior"
11366,770787017,"Stardestroyer Controller #1"
11366,770847751,"Stardestroyer Commander #1"
11366,770935091,"Jabba the Hutt"
11366,770705336,"Ewok"
11366,770947837,"Ewok"
11366,770947839,"Ewok"
11366,462916999,"Ewok"
11366,501631694,"Ewok"
11366,770927501,"Ewok"
11366,284509210,"Ewok"
11366,770679588,"Ewok"
11366,770866127,"Ewok"
11366,770947850,"Ewok"
11366,770931608,"Ewok"
11366,770796820,"Ewok"
11366,770752284,"Ewok"
11366,770947861,"Ewok"
11366,770947862,"Ewok"
11366,770713519,"Ewok"
11366,770788391,"Ewok"
11366,770947863,"Ewok"
11366,770736228,"Ewok"
11366,770817211,"Stardestroyer Commander #2"
11366,770958645,""
11366,770714016,"Ewok"
11366,162671281,""
11366,770671884,""
11292,162665747,"Luke Skywalker"
11292,178810494,"C-3PO"
11292,162661579,"Han Solo"
11292,162663355,"Princess Leia"
11292,162658723,"Grand Moff Tarkin"
11292,162655900,"Ben "Obi-Wan" Kenobi"
11292,418638213,"R2-D2"
11292,425838884,"Chewbacca"
11292,603676177,"Darth Vader"
11292,711983163,"Uncle Owen Lars"
11292,770827012,"Aunt Beru Lars"
11292,770912593,"Chief Jawa"
11292,770673360,"Gen. Willard"
11292,749009433,"Gen. Taggi"
11292,770915167,"Red Four (John "D")"
11292,401186786,"Red Leader"
11292,770722757,"Gold Two"
11292,770927484,"Red Three (Biggs)"
11292,768117486,"Red Two (Wedge)"
11292,770913798,"Gen. Dodonna"
11292,358187120,"Red Six (Porkins)"
11292,770673809,"Gold Leader"
11292,770913799,"Gold Five"
11292,770713588,"Gen. Motti"
11292,770731999,"Commander No. 1"
11292,162655731,"Darth Vader"
11292,770698129,"Officer in Detention Area (uncredited)"
11292,770714016,""
11470,162665747,"Luke Skywalker"
11470,162661579,"Han Solo"
11470,162663355,"Princess Leia"
11470,603676177,"Darth Vader"
11470,162655731,"Darth Vader"
11470,162656403,"Lando Calrissian"
11470,178810494,"C-3PO"
11470,425838884,"Chewbacca"
11470,162656296,"Yoda"
11470,162655900,"Ben "Obi-Wan" Kenobi"
11470,418638213,"R2-D2"
11470,358317901,"Boba Fett"
11470,770931561,"Lobot Lando's Aide"
11470,770912593,"Chief Ugnaught"
11470,770938184,"Wampa Snow Creature"
11470,162661425,"Performing Asst. for Yoda"
11470,162697617,"The Emperor"
11470,770674077,"Admiral Piett"
11470,364646405,"Gen. Veers"
11470,770732707,"Admiral Ozzel"
11470,770716424,"Capt. Needa"
11470,770938185,"Other Imperial Officer"
11470,770733265,"Other Imperial Officer"
11470,162704853,"Other Imperial Officer"
11470,770757813,"Other Imperial Officer"
11470,770671488,"Gen. Rieekan"
11470,770675361,"Zev"
11470,768117486,"Wedge (Rogue 3)"
11470,770938159,"Hobbie Rogue 4"
11470,770886904,"Dak Luke's Gunner"
11470,770930598,"Janson Wedge's Gunner"
11470,381422124,"Maj. Derlin"
11470,770800956,"Deck Lieutenant"
11470,770830178,"Head Controller"
11470,770829082,"Other Rebel Officer"
11470,770720584,"Other Rebel Officer"
11470,770929833,"Other Rebel Officer"
11470,770938186,"Other Rebel Officer"
11470,770826207,"Revel Officer"
11470,770929169,""
11470,771153353,"General McQuarrie"
11462,162659371,"David Starsky"
11462,162652836,"Ken "Hutch" Hutchinson"
11462,162661723,"Huggy Bear"
11462,162716295,"Captain Dobey"
11462,162652630,"Reese Feldman"
11462,162654115,"Kitty"
11462,326298973,"Kevin"
11462,162655491,"Holly"
11462,162654146,"Staci"
11462,162731195,"Manetti"
11462,770695186,"Mrs. Feldman"
11462,326392465,"Porter"
11462,162711361,"Monix"
11462,770686469,""
11462,770721027,"Terrence Meyers"
11462,162652185,"Big Earl"
11462,364651482,"Eddie"
11462,771027619,"Dancin' Rick"
11462,770681819,"Lorraine"
11462,364626530,""
11462,162663920,""
11462,162663421,""
11462,770721028,""
672128428,162652162,""
672128428,771153353,""
672128428,672128446,""
672128428,162661579,""
672128428,162665747,""
672128428,162663355,""
672128428,162655731,""
672128428,425838884,""
672128428,162656296,""
672128428,162656403,""
672128428,359852999,""
672128428,162652772,""
672128428,162659692,""
672128428,418638213,""
12303,162652945,"Colonel Jonathan "Jack" O'Neil"
12303,162678807,"Dr. Daniel Jackson"
12303,162720708,"Ra"
12303,660471647,"Catherine"
12303,382056652,"Skaara"
12303,162705216,"Sha'uri"
12303,326391890,"General West"
12303,162716099,"Lieutenant Kawalsky"
12303,528345271,"Kasuf"
12303,770935690,""
12303,162652873,"Horus"
12303,162676039,"Lieutenant Feretti"
12303,770949232,"Nabeh"
12303,770715237,"Lieutenant Freeman"
12303,770749895,"Lieutenant Reilly"
12303,770721027,"Assistant Lieutenant"
12303,566998376,"Officer"
12303,770889063,"Sarah O'Neil"
12303,770675513,"Barbara Shore"
12303,162657445,"Gary Meyers"
12303,770938752,"Mitch"
12303,770771990,"Technician"
12303,770755556,"Prof.Langford"
12303,770931684,"Professor"
12303,770924259,"Professor"
12303,770692190,"Professor"
12303,770961968,"Professor"
12303,162679990,"Companion"
12303,292632068,"Mastadge"
11853,162664301,"Capt. Jean-Luc Picard"
11853,162670930,"Cmdr. William Riker"
11853,162673757,"Lt. Cmdr. Data"
11853,162657144,"Lt. Cmdr. Geordi LaForge"
11853,162675223,"Lt. Cmdr. Worf"
11853,162675225,"Dr. Beverly Crusher"
11853,162675226,"Lt. Cmdr. Deanna Troi"
11853,162662573,"Lily Sloane"
11853,162652553,"Zefram Cochrane"
11853,162675227,"Borg Queen"
11853,326391936,"Lt. Hawk"
11853,364605074,"Holographic Doctor"
11853,162669812,"Lt. Barclay"
11853,770734947,"Nurse Ogawa"
12084,162661860,"James T. Kirk"
12084,162664667,"Mr. Spock"
12084,162677050,"Leonard "Bones" McCoy"
12084,326396879,"Montgomery "Scotty" Scott"
12084,162680984,"Khan"
12084,364615604,"Hikaru Sulu"
12084,346416692,"Pavel Chekov"
12084,749184364,"Uhura"
12084,770669753,"Carol"
12084,749188678,"David"
12084,162656918,"Terrell"
12084,162665801,"Saavik"
12084,770678617,"Joachim"
12084,651695401,"Peter"
12084,770938837,""
12084,770721678,"Jedda"
12084,770678377,"Beach"
12084,364611071,"Cadet"
12084,162660054,"March"
12084,770962220,"Bridge Voice"
12084,770962219,"Radio Voice"
12084,770946257,"Radio Voice"
12084,770881962,"Computer"
13719,162676944,"Johnny Rico"
13719,162674020,"Dizzy Flores"
13719,162666727,"Carmen Ibanez"
13719,351527582,"Ace Levy"
13719,351527581,"Carl Jenkins"
13719,162663805,"Sgt. Zim"
13719,770679258,"Sugar Watkins"
13719,162752756,"Zander Barcalow"
13719,162713567,"Jean Rasczak"
13719,770676792,"Biology Teacher"
13719,364639642,"General Owen"
13719,770772419,"Breckinridge"
13719,770916298,"Kitten Smith"
13719,770787588,"Katrina"
13719,770717743,"Shujimi"
13719,162654850,"Captain Deladier"
13719,770671539,"Commanding Officer"
13719,162655491,"Cadet Lumbreiser"
13719,770783923,""
13719,770722592,""
13719,770712345,""
13719,770721337,""
13719,770916194,""
13545,162653181,"Chris Cole"
13545,162655148,"Emily Poule"
13545,162696544,"Rob"
13545,162662243,"Bobby Beers"
13545,162698684,"Mats"
13545,162662802,"Kirk Cuddy"
13545,479131637,"Tania"
13545,568063690,"Joe Jr."
13545,770721127,"Bradley"
13545,359853495,"Mrs. Cole"
13545,770680482,"A. C."
13545,405588731,"Kirk's Wife"
13545,421532972,"Mr. Cole"
13545,770680483,""
13545,770680484,""
13545,771018648,""
13545,771018649,""
13545,561230179,""
13545,364614379,""
13545,770703236,""
13545,771221582,""
13545,770712019,""
11646,162664301,"Captain Jean-Luc Picard"
11646,162673757,"Data/B4"
11646,162657144,"Geordi LaForge"
11646,770677076,"Commander Suran"
11646,162670930,"William Thomas Riker"
11646,563565166,"Senator Tal'aura"
11646,770695617,"Praetor Hiran"
11646,770912881,"Reman Officer"
11646,162675223,"Worf"
11646,391527059,"Shinzon"
11646,770737678,"Commander"
11646,162675225,"Beverly Crusher"
11646,162674020,"Romulan Commander Donatra"
11646,364659412,"Kathryn Janeway"
11646,770742446,"Helm Officer Branson"
11646,162664018,"Romulan Viceroy"
11646,770943379,"Commander"
11646,162675226,"Deanna Troi"
11646,770684343,"Computer"
11646,771022373,"Senator"
11646,162653468,"Guinan"
11646,368451877,"Commander Madden"
425838881,162665747,""
425838881,162661579,""
425838881,162663355,""
425838881,178810494,""
425838881,425838884,""
425838881,162655731,""
10849,162661860,"James T. Kirk"
10849,162664667,"Mr. Spock"
10849,162677050,"Leonard "Bones" McCoy"
10849,326396879,"Montgomery "Scotty" Scott"
10849,162687881,"Cmdr. Willard Decker"
10849,364615604,"Hikaru Sulu"
10849,405746712,"Lt. Ilia"
10849,770684343,"Christine Chapel"
10849,346416692,"Pavel Chekov"
10849,749184364,"Uhura"
10849,749190650,"Klingon Captain"
10849,770677942,"Alien Boy"
10849,770719836,"Janice Rand"
10849,770675241,"Commander Branch"
10849,770739306,"Chief DiFalco"
10849,770935291,"Lt. Cleary"
10849,364601120,"Epsilon Technician"
10849,770924428,"Airlock Technician"
10849,770724029,"Assistant to Rand"
10849,770929913,"Lt. Commander Sonak"
10849,770693635,"Woman"
10849,770937749,"Crew Member"
10849,770929208,"Crew Member"
10849,770926760,"Crew Member"
10849,770718198,"Crew Member"
10849,770929234,"Crew Member"
10849,364654846,"Klingon Crewman"
10849,770924666,"Klingon Crewman"
10849,770795302,"Klingon Crewman"
10849,770924017,"Vulcan Master"
12300,162661860,"James T. Kirk"
12300,162664667,"Mr. Spock"
12300,162677050,"Leonard "Bones" McCoy"
12300,162655985,"Lt. Valeris"
12300,162667585,"Chancellor Gorkon"
12300,326396879,"Montgomery "Scotty" Scott"
12300,346416692,"Pavel Chekov"
12300,364615604,"Hikaru Sulu"
12300,749184364,"Uhura"
12300,162652929,"General Chang"
12300,749190650,"Sarek"
12300,770719836,"Janice Rand"
12300,351527171,"Admiral Cartwright"
12300,770692410,"Chief in Command"
12300,162712344,"Federation President"
12300,770923860,"Azetbur"
12300,351335493,"Klingon Ambassador"
12300,162675223,"Klingon Defense Attorney"
12300,770720424,"Kerla"
12300,162652316,"Excelsior Communications Officer"
12300,364597493,"Young Crewman"
12300,770962227,"Prisoner at Rura Penthe"
12300,770929869,""
12300,409514380,"Klingon Judge"
12300,770796291,"Klingon Officer"
12300,770696178,"General Stex"
12300,436352429,"Excelsior Officer"
12300,770890803,""Excelsior" Engineer"
12300,770744783,""Excelsior" Navigator"
12300,770737349,"Helmsman Lojur"
12300,554063003,"Martia"
12300,770924666,"The Brute"
12300,770726013,"Klingon Translator"
12300,770711172,"First Klingon General"
12300,761440811,"Munitions Man"
12300,770962228,"Martia as a Child"
12300,364603983,"Second Klingon General"
12300,770703796,"Nanclus"
12300,770716291,"Sleepy Klingon"
12300,770950911,"Military Aide"
12300,770727674,"ADC"
12300,770879634,"Crewman Dax"
12300,162718328,"Colonel West (uncredited)"
12300,298588442,"Klingon Commander"
12300,497319831,"Behemoth Alien"
12300,770884136,""
771325066,162659059,""
771325066,770702774,""
771325066,770743426,""
771325066,770968336,""
771325066,770783306,""
771325066,770737439,""
771325066,771118922,""
771325066,771447970,""
771325066,771447966,""
771325066,771447968,""
771325066,770676866,""
771325066,771447967,""
771325066,771447969,""
771325066,770964571,""
771325066,385328724,""
771325066,771072241,""
771325066,770743431,""
771325066,771260133,""
771325066,770859821,""
771325066,771447973,""
771325066,771127411,""
771325066,771447972,""
771325066,162672932,""
771325066,770677771,""
771325066,770720794,""
771325066,770885528,""
771325066,771447971,""
771325066,771436394,""
771325066,771447974,""
771325066,770694090,""
771325066,770798476,""
771325066,770807992,""
771325066,771329481,""
771325066,770782446,""
771325066,492040296,""
771325066,771426889,""
771325066,771432609,""
771325066,770724577,""
771325066,162685808,""
771325066,771447957,""
771325066,771447956,""
771325066,770732839,""
771325066,771447965,""
771325066,771447955,""
771325066,770715297,""
771325066,162725651,""
771325066,771447963,""
771325066,771447962,""
771325066,771447964,""
771325066,771051760,""
771325066,771447958,""
771325066,770948999,""
771325066,771447959,""
771325066,771351155,""
771325066,771430734,""
771325066,771447961,""
771325066,771447960,""
12642,162661860,"James T. Kirk"
12642,162664667,"Mr. Spock"
12642,162677050,"Leonard "Bones" McCoy"
12642,364615604,"Hikaru Sulu"
12642,346416692,"Pavel Chekov"
12642,326396879,"Montgomery "Scotty" Scott"
12642,749184364,"Uhura"
12642,749190650,"Sarek"
12642,749188678,"David"
12642,162699695,"High priestess"
12642,364616999,"Saavik"
12642,535058587,"Admiral Morrow"
12642,770879997,"Valkris Merchantship"
12642,364638514,"Trainee Foster"
12642,384723867,""Mr. Adventure""
12642,770779251,"Torg Klingon"
12642,351527639,"Maltz Klingon"
12642,770685969,"Waitress"
12642,162657089,"Kruge"
12642,770929265,"Capt. Esteban USS Grissom"
12642,770962224,"Sergeant Klingon"
12642,770938714,"Stunts"
12642,770932525,"Stunts"
12642,770920665,"Stunts"
12642,162653788,"1st Officer USS Excelsior"
12642,770677011,"Stunts"
12642,770676831,"Stunts"
12642,770925646,"C. Lloyd's Stunt Man"
12642,770918379,"Stunts"
12642,770916317,"Shatner's Stunt Man"
12642,770924666,"Stunts"
12642,770952202,"Stunts"
12642,770916324,"Stunts"
12642,770770620,"Prison Guard"
12642,162652406,"Capt. Styles Excelsior"
12642,770943289,"Spock...Age 9"
12642,770962223,"Spock...Age 13"
12642,770943865,"Spock...Age 17"
12642,770962221,"Spock...Age 25"
12642,770713434,"Merchant Ship Captain"
12642,770669866,"Gunner #2"
12642,770927335,"USS Grissom Helm"
12642,770940666,"USS Grissom Communications"
12642,385330879,"Alien"
12642,770923695,"Civilian Agent"
12642,770924428,"Prison Guard #1"
12642,770719836,"Janice Rand"
12642,292632068,"Spock (screams)"
12642,770962220,"Enterprise Computer"
12642,770922194,"Flight Recorder"
12642,770962222,"Elevator Voice"
12642,770927723,"Space Dock Controller"
12642,770930938,"Klingon Gunner #1"
561427254,410881238,""
561427254,405674212,""
561427254,364636823,""
561427254,421792015,""
561427254,405668346,"Daniel Jackson"
561427254,165245435,""
561427254,384723882,""
561427254,651499192,""
561427254,162668124,""
561427254,162664689,""
11889,162664301,"Captain Jean-Luc Picard"
11889,162670930,"Cmdr. William Riker"
11889,162673757,"Lieutenant Commander Data"
11889,162657144,"Lt. Cmdr. Geordi LaForge"
11889,162675223,"Lt. Cmdr. Worf"
11889,162675225,"Dr. Beverly C. Crusher"
11889,162675226,"Lt. Cmdr. Deanna Troi"
11889,377006663,"Ru'afro"
11889,357005911,"Anji"
11889,162664364,"Admiral Dougherty"
11889,341815683,"Gallatin"
11889,162721066,"Sojef"
11889,496254254,"Artim"
11889,770759916,""
12428,162661860,"James T. Kirk"
12428,162664667,"Mr. Spock"
12428,162677050,"Leonard "Bones" McCoy"
12428,364615604,"Hikaru Sulu"
12428,326396879,"Montgomery "Scotty" Scott"
12428,162668396,"Gillian"
12428,346416692,"Pavel Chekov"
12428,749184364,"Uhura"
12428,351527141,"Amanda Spock"
12428,749190650,"Sarek"
12428,364616999,"Lt. Saavik"
12428,770725007,"Federation Council President"
12428,351335493,"Klingon Ambassador"
12428,770943016,"Bob Briggs"
12428,751431018,"Capt. of the U.S.S. Saratoga"
12428,351527171,"Admiral Cartwright"
12428,770879634,"Starfleet Communications Officer"
12428,392472102,"Starfleet Display Officer"
12428,770719836,"Janice Rand"
12428,418638215,"Alien Communications Officer"
12428,770711672,"Starship Captain"
12428,770684343,"Christine Chapel"
12428,770760801,"Saratoga Helmsman"
12428,770957267,"Controller #2"
12428,770699380,"1st Garbageman"
12428,770762697,"2nd Garbageman"
12428,770918054,"Waiter"
12428,770734857,"Nichols"
12428,770704831,"Pilot"
12428,770927101,"Elderly Patient"
12428,770942158,"Intern #2"
12428,770739094,"Young Doctor"
12428,770950911,"Doctor #2"
12428,770962220,"Usher"
12428,364599112,"Punk on Bus"
12428,770715528,"FBI Agent"
12428,364601829,"Shore Patrolman"
12428,770885353,"CDO"
12428,770936879,"Electronics technician"
12428,770962225,"Electronics technician"
11936,162664301,"Capt. Jean-Luc Picard"
11936,162661860,"James T. Kirk"
11936,162670305,"Dr. Tolian Soran"
11936,162670930,"Cmdr. William Riker"
11936,162673757,"Lt. Cmdr. Data"
11936,162653468,"Guinan"
11936,162657144,"Lt. Cmdr. Geordi LaForge"
11936,162675223,"Lt. Cmdr. Worf"
11936,162675225,"Dr. Beverly Crusher"
11936,162675226,"Counselor Deanna Troi"
11936,326396879,"Montgomery "Scotty" Scott"
11936,346416692,"Pavel Chekov"
11936,770889953,"Lursa"
11936,518912027,"B'Etor"
11936,162678289,"Capt. Harriman"
11936,757041978,"Science Officer"
11936,770675978,"Com Officer"
11936,171889887,"Navigator"
11936,767988297,"Lieutenant"
11936,421639109,"Journalist"
11936,162658586,"Journalist"
11936,770774523,"Ensign Hayes"
11936,770734947,"Nurse Alyssa Ogawa"
11936,770810627,"Security Officer"
11936,770684343,"Computer"
11936,770761312,"Klingon Guard"
11936,326433067,"Klingon Helm"
11936,770673731,"El Aurian Survivor"
11936,770950911,"El Aurian Survivor"
11936,770708907,"El Aurian Survivor"
11936,770865146,"El Aurian Survivor"
11936,770755660,"Picard's Wife"
11936,770678043,"Picard's Kid"
11936,770747000,"Journalist"
355028245,162714854,"Brian Jackson"
355028245,355028246,"Alice Harbinson"
355028245,355028248,"Rebecca Epstein"
355028245,381421834,"Julie Jackson"
355028245,349219113,"Spencer"
355028245,355028249,"Patrick"
355028245,405587980,"Tone"
355028245,770745672,"Bamber Gascoigne"
355028245,162652445,"Michael Harbinson"
355028245,162759546,"Rose Harbinson"
12182,162661860,"James T. Kirk"
12182,162664667,"Mr. Spock"
12182,162677050,"Leonard "Bones" McCoy"
12182,364615604,"Hikaru Sulu"
12182,346416692,"Pavel Chekov"
12182,326396879,"Montgomery "Scotty" Scott"
12182,749184364,"Uhura"
12182,162667585,"St. John Talbot"
12182,749193954,"Sybok"
12182,770671469,"Korrd"
12182,770928552,"Caithlin Dar"
12182,770726013,"Captain Klaa"
12182,770737420,"Vixis"
12182,770725426,"Yonn"
12182,326298994,""God""
12182,770962226,"Amanda"
12182,770787978,"McCoy's Father"
12182,770922194,"Starfleet Chief of Staff"
12182,770680696,"Yeoman"
12182,770678027,"Pitchman"
11727,162656213,"Dickie Roberts"
11727,162662394,"Grace"
11727,162664237,"Sidney"
11727,162694648,"George Finney"
11727,770673974,"Sally Finney"
11727,771026726,"Sam Finney"
11727,162674385,"Cyndi"
11727,326393177,"Peggy"
11727,162660409,"Himself"
11727,364623351,"Neighbor"
11727,770681000,"Himself"
11727,162662763,"Himself"
11727,770678231,"Himself"
11727,364658438,""
11727,552577399,"Himself"
11727,364621617,"Himself"
11727,162661544,"Himself"
11727,576294339,""
11727,576294341,""
11727,364636514,""
11727,364635897,""
11727,364620476,""
11727,770682048,""
11727,351525916,"Heather Bolan"
11727,770789208,"Brittany"
11727,507669610,"Rob Reiner's Assistant"
11727,770678688,""
11727,770683161,""
16064,162674648,"Andrew McGee"
16064,162658741,"John Rainbird"
16064,162652402,"Charlie McGee"
16064,162660009,"Capt. Hollister"
16064,162652729,"Vicky McGee"
16064,162669887,"Irv Manders"
16064,162664608,"Norma Manders"
16064,162699707,"Dr. Pynchot"
16064,162664678,"Dr. Joseph Wanless"
16064,770939610,"DSI Orderly"
16064,770927786,"Josie"
16064,770939769,"Proprietor"
16064,684646610,"Taxi Driver"
16064,770669865,"Orville Jamieson"
16064,770870552,"Bates"
16064,770930369,"Mayo"
16064,770923960,"Knowles"
16064,770928160,"Steinowitz"
16064,754116391,"Young Serviceman"
16064,770939768,"Security Guard"
16064,770939767,"Woman in Stall"
16064,770768693,"Grad Assistant"
16064,770930518,"Old Man"
16064,770914028,"Mailman"
16064,770879883,"Motel Owner"
16064,493966228,"Blinded Agent"
16064,326391890,"Blinded Agent"
16064,770939766,"DSI Technican"
16064,770697770,"Albright"
16064,770670133,"DSI Orderly"
16064,770937409,"Agent Hunt"
770669885,770670355,""
770669885,770670356,""
770669885,770670357,""
586577217,405668346,"Daniel Jackson"
586577217,421792015,"Vala"
586577217,364636823,"Teal'c"
586577217,405674212,"Sam"
586577217,410881238,"Cam"
586577217,416810701,""
586577217,381984430,""
586577217,355028264,""
586577217,162668964,""
586577217,410844472,""
586577217,397673145,""
586577217,162664689,""
770679985,358317901,""
770679985,770690311,""
770679985,770690312,""
770679985,770690313,""
770679985,770690314,""
10746,162655890,"Starman"
10746,162666714,"Jenny Hayden"
10746,162657814,"Mark Shermin"
10746,391491613,"George Fox"
10746,770670123,"Maj. Bell"
10746,770704831,"Sgt. Lemon"
10746,271450056,""
10746,418832380,"Roadblock Sergeant"
10746,770919766,"S-61 Pilot"
10746,770857890,"Bus Driver"
10746,770933687,""
10746,770919764,"Brad Heinmuller"
10746,546954190,"Deer Hunter"
10746,770723308,"Cop"
10746,753488277,"Cop"
10746,770913802,"Hot Rodder"
10746,395114926,"Cook"
10746,770919767,"Scientist"
10746,770789952,"Marine Lieutenant"
10746,770678375,"Fox's Assistant"
10746,408634137,"Gas Station Attendant"
10746,770786289,"Gas Customer"
10746,398053894,"Trucker"
10746,770676628,"Roadhouse Waitress"
10746,770913806,"Truck Stop Waitress"
10746,770913809,"Bracero Wife"
10746,770935919,"Cafe Waiter"
10746,770739733,"Donnie Bob"
10746,770928160,"Hunter"
10746,770742896,"Hunter"
10746,162654606,"Man in Helicopter"
10746,770676445,"Man in Gas Station Restroom"
770681579,326396879,""
770681579,162677050,""
770681579,346416692,""
770681579,749184364,""
770681579,162664667,""
770681579,162661860,"Host"
770681579,364615604,""
771211554,364597466,"Bucky Larson"
771211554,162664405,"Kathy McGee"
771211554,162658536,"Miles Deep"
771211554,162666782,"Dick Shadow"
771211554,771059598,"J Day"
771211554,770677783,"Gary"
771211554,162658803,"Jeremiah Larson"
771211554,770674538,"Debbie Larson"
771211554,162739633,"Claudio"
771211554,770853904,"Jimmy"
771211554,770791484,"Blueberry"
771211554,770764911,"Antonio"
771211554,770687648,"Marge"
771211554,771059604,"Autograph Lady"
771211554,771380154,"Autograph Man"
771211554,771078986,"Casting Director"
771211554,771020661,"Gretchen"
771211554,364599258,"Clint"
771211554,770674573,"Rory"
771211554,770836880,"Lars"
771211554,770903978,"Production Assistant"
771211554,326297852,"Dale"
771211554,770691635,"Elderly Woman"
771211554,162665838,"AFA Emcee"
771211554,770740755,"Chop Restaurant Owner"
771211554,771380155,"Vietnamese Henchman"
771211554,770700246,"Mrs. Bozobop"
771211554,770840704,"Tomas"
771211554,404374982,"Vietnamese Boss"
771211554,771380156,"Bouncer"
771211554,770683405,"Hot Sushi Waitress"
771211554,364597465,"Bondage Guy"
771211554,770679981,"Guinness Man"
771211554,771038248,"Dimitri/Distributor"
771211554,770721128,"Guinness Woman"
771211554,771029130,"German Guy/Distributor"
771211554,771380157,"Chop Restaurant Valet"
771211554,770824008,"Sound Guy"
771211554,771268592,"Key Grip"
771211554,771268586,"Prop Guy"
771211554,770675142,"AFA Presenter"
771211554,364597464,"Dante"
771211554,771082874,"AFA Presenter"
771211554,770785863,"Eddie/Distributor"
771211554,770793391,"AFA Presenter"
771211554,770684172,"AFA Presenter"
771211554,771380158,"AFA Presenter"
771211554,771103972,"AFA Presenter"
771211554,771022492,"AFA Presenter"
771211554,770720008,"AFA Presenter"
771211554,770818511,"Old Man with Pig"
771211554,771380159,""Chewbacca""
771211554,770677896,"AFA Presenter"
771211554,771380160,"Iowa Farmer"
771211554,771035992,"Gay Guy Dancing"
771211554,771041662,"Gay Guy Dancing"
771211554,771380161,"Claudio's Girl"
771211554,771095126,"AFA Presenter"
771211554,454613384,"Iowa Father"
771211554,770912047,""
771243352,196088490,"David Wozniak"
771243352,770904316,"Valerie"
771243352,770810073,"Paul"
771243352,770743785,"Gloomy Brother"
771243352,771439782,"Sympathetic Brother"
771243352,770747655,"David's Father"
771243352,770749475,"Antoine"
771243352,770796512,"Etienne"
771243352,771440948,"Porte parole"
771243352,398859314,"Julie"
771243352,364623269,""
770768852,364605105,"John Keats"
770768852,286584167,"Fanny Brawne"
770768852,162689338,"Mrs. Brawne"
770768852,238447168,"Charles Armitage Brown"
770768852,770836632,"Toots"
770768852,162710614,"Samuel"
770768852,326396406,"Maria Dilke"
770768852,770836633,"Charles Dilke"
770768852,770741676,"Abigail"
770768852,770792773,"Reynolds"
770768852,770703617,"Reynolds Sister"
770768852,771060901,"Reynolds Sister"
770768852,770768854,"Mr. Severn"
770768852,770760284,"Mr. Hunt"
770768852,770844333,"Tom Keats"
770768852,770800440,"Dance Master"
770768852,770949448,"Charlotte"
770768852,770742632,"Dr. Bree"
770768852,770760845,"Mrs. Bentley"
770768852,746889865,"Shopkeeper"
770768852,410715223,"Landlady"
770768852,770689181,"Mr. Haslam"
770768852,771039751,"Mr. Taylor"
770768852,623771516,"Charles Dilke Jr."
770768852,771060902,"Suitor at Ball"
770768852,771030398,"The Cat"
771270356,771082198,"Jane"
771270356,771403539,"sadie"
771270356,770689300,"Melissa"
771270356,599790325,"Mikey"
771270356,771066277,"Arash"
771270356,771426754,"Starlet"
771270356,770695853,"Yard Sale Person"
771270356,771426755,"Yard Sale Person"
771270356,771426756,"Waiting Room Girl/Tess Body Double"
771270356,771426757,"Nurse"
771270356,771426758,"Manicurist"
771270356,771426759,"Nail Salon Attendant"
771270356,771426760,"Taxi Driver"
771270356,771426761,"Weed Buyer"
771270356,771426762,"Bingo Hall Attendant"
771270356,771426763,"Bingo Caller"
771270356,770742422,"Police Officer"
771270356,771426764,"Police Officer"
771270356,771426765,"Car Salesman"
771270356,770734066,"Repo Man"
771270356,771236094,"Diner Waitress"
771270356,771426766,"Diner Waitress"
771270356,771408044,"Camera Phone Guy"
771270356,771426767,"Renegade Receptionist"
771270356,770942312,"Renegade Worker"
771270356,770679539,"Janice"
771270356,771085252,"Poor Schlub"
771270356,771426768,"Renegade Worker"
771270356,770832069,"Shadow"
771270356,771426769,"Cammie"
771270356,364655556,"Renegade PA"
771270356,771426770,"Director F.J. Sloan"
771270356,770713378,"Renegade Set Photographer"
771270356,771426771,"Renegade Production Crewmember"
771270356,770758275,"Renegade Production Crew"
771270356,771426772,"Supermarket Attendant"
771270356,771426773,"Joey"
771270356,771426774,"Herself"
771270356,770885577,"Zana Fan"
770950053,162661860,""
770950053,162664667,""
770950053,178810494,""
770950053,162656403,""
770950053,162663355,""
770950053,326396879,""
14204,429367534,"Captain Dax"
14204,162690734,"Lt. Pavlov Dill"
14204,770682681,"Pvt. Lei Sahara"
14204,276737590,"General J. G. Shepherd"
14204,162654850,"Sgt. Dede Rake"
14204,770750632,"Pvt. Otis Brick"
14204,347990563,"Pvt. Charlie Soda"
14204,770766323,"Pvt. Billie Otter"
14204,162712199,"Pvt. Jill Sandee"
14204,770686648,"T/Sgt. Ari Peck"
14204,347990564,"Pvt. Kipper Tor"
14204,376875411,"Corporal Joe Griff"
14204,770727237,"Pvt. Duff Horton"
14204,326391108,"Cpl. Thom Kobe"
14204,770838573,"Smiling Lieutenant"
14204,770678375,"Recruiting Sergeant"
14204,771032082,"Fleet Pilot"
530680449,162659692,""
530680449,162676323,""
530680449,162660454,""
770797690,672128446,""
770797690,770758541,""
770797690,770819741,""
770797690,770764936,""
770797690,770819742,""
770797690,162653303,""
770797690,162654278,""
770797690,162660706,""
770797690,421669964,""
770797690,770793528,""
770797690,770688600,""
770797690,770680971,""
770813669,770847640,""
770813669,770847641,""
770813669,162665882,""
770813669,770820624,""
770813669,770847642,""
770813669,770847643,""
770677036,770684228,""
771253969,770734007,"Edward Elric (Japanese Version)"
771253969,770671562,"Edward Elric (English Version)"
771253969,313889861,"Alphonse Elric (Japanese Version)"
771253969,770857482,"Alphonse Elric (English Version)"
771253969,770716796,"Julia Crichton  (Japanese Version)"
771253969,771090719,"Julia Crichton  (English Version)"
771253969,467548866,"Melvin Voyager  (Japanese Version)"
771253969,770769536,"Melvin Voyager  (English Version)"
771253969,395112879,"Roy Mustang  (Japanese Version)"
771253969,770671563,"Roy Mustang  (English Version)"
771253969,625222755,"Riza Hawkeye  (Japanese Version)"
771253969,770734325,"Riza Hawkeye  (English Version)"
771253969,313889862,"Alex Louis Armstrong  (Japanese Version)"
771253969,770895859,"Alex Louis Armstrong  (English Version)"
771253969,771080222,"Winry Rockbell  (Japanese Version)"
771253969,770837271,"Winry Rockbell  (English Version)"
770803271,770866493,""
770803271,770866494,""
770803271,771068784,""
770803271,770866492,""
770803271,770866495,""
770796540,770818172,""
770796540,770818173,""
770796540,771464113,""
770796540,770705552,""
770796540,770803638,""
770796540,770685488,""
770796540,770705554,""
10178,162660830,"Alex Rogan"
10178,162655828,"Centauri"
10178,162674446,"Grig"
10178,162682330,"Maggie"
10178,753851298,"Jane Rogan"
10178,770701638,"Xur"
10178,753851300,"Enduran"
10178,770680084,"Lord Kril"
10178,770801755,"Rylan Sergeant"
10178,770948274,"Friendly Alien"
10178,364624835,""
10178,364616671,"Rylan Bursar"
10178,770886466,"Kodan Officer"
10178,770948275,"Rylan Technician"
10178,770924436,"Underling"
10178,770942753,"Rylan Spy"
10178,770935062,"Otis"
10178,395112800,"Jack Blake"
10178,770786022,"Elvira"
10178,770679251,"Granny Gordon"
10178,770738078,"Clara Potter"
10178,364639687,"Mr. Potter"
10178,770727234,"Mrs. Boone"
10178,770914722,"Mr. Boone"
10178,770670929,"Hitchhiker"
10178,387062105,"Andy"
10178,385328964,"Gary"
10178,417268213,"Cheerleader"
10178,162698030,"Louis' Friend"
10178,770948276,"Uncle Bob"
10178,364628074,"Cop #1"
10178,162715703,"Alien soldier"
10178,770912809,"Louis Rogan"
14874,162675623,"Dorothy Stratten"
14874,162653104,"Paul Snider"
14874,162665303,"Hugh Hefner"
14874,359853368,"Dorothy's Mother"
14874,335716559,"Aram Nicholas"
14874,381422006,"Geb"
14874,770684279,"Private Detective"
14874,770781984,"Eileen"
14874,770740907,"Nightclub Owner"
14874,770938634,"Photographer"
14874,770962198,"Bobo Weller"
14874,770962199,"Betty"
14874,770962200,"Exotic Dancer"
14874,770949543,"Meg Davis"
14874,770784616,"Robin"
14874,770942494,"M.C."
14874,770913800,"Radio Announcer"
14874,770880839,"Actor"
14874,770721361,"Peter Rose"
14874,770705599,"Roy"
14874,770695440,"Playboy Executive"
14874,770681336,"Director"
14874,162685683,"Comic"
14874,770740484,"Gunseller"
14874,770712816,"Vince Roberts"
14874,162721956,"Phil Wass"
14874,770674398,"Billie"
14874,165245432,"1st Detective"
14874,364620848,"1st Hood"
14874,770686431,"Charlie"
14874,770711962,"Head Butler"
14874,770935484,"Nightclub Owner"
14874,770934081,"Assistant Director"
14874,434422724,"Nick"
14874,770731513,"Makeup Woman"
14874,364605074,"Interviewer"
14874,770699386,"Interviewer"
14874,770939463,"Playboy Mansion Guest"
14874,770879656,"Playboy Mansion Guest"
14874,770759155,"Paul's Party Guest"
14874,602816705,""
14874,770746186,"Bartender"
14874,770733300,"2nd Detective"
14874,770822050,"Paul's Party Guest"
14874,770926830,"Paul's Party Guest"
14874,770949973,"Hood"
14874,712354721,""
12437,162661889,"Spencer Griffith"
12437,770760829,"Turbo Bruntley"
12437,408634137,"Cyborsuit"
12437,770727052,"Cyborsuit"
12437,408634138,"Broodwarrior"
12437,770679678,"Rolan Griffith"
12437,364625147,"Janet Holloway"
12437,408634139,"Stacey Griffith"
12437,270649140,"Michelle"
12437,770783979,""
12437,770673492,""
9528,770730738,"Doolittle"
9528,770968369,"Talby"
9528,770968370,""
9528,162656605,"Pinback"
9528,770968371,"Powell"
9528,770786092,"Mission Control"
9528,771086528,""
9528,770839770,""
9528,162656604,""
770681548,346416692,""
770681548,749184364,""
770681548,770817197,""
770681548,162678289,""
770681548,770724384,""
9690,162655749,"Gertrude Lawrence"
9690,162657351,"Richard Aldrich"
9690,364632744,"Sir Anthony Spencer"
9690,551228686,"Noel Coward"
9690,600326998,"Charles Fraser"
9690,770727697,"Arthur Lawrence"
9690,747403173,"Rose"
9690,770727064,"Jack Roper"
9690,533662357,"Andre Charlot"
9690,770839072,"David Holtzman"
9690,770962237,"Billie Carleton"
9690,770941036,"Jack Buchanan"
9690,162678577,"Pamela"
9690,364602945,"Ben Mitchell"
9690,770942338,"Alexander Woollcott"
9690,770673346,"Dan"
9690,397361692,"Lord Chamberlain"
9690,770711853,"Assistant To Lord Chamberlain"
9690,770689379,"Bankruptcy Judge"
9690,770795439,"Hyde Park Speaker"
9690,770962238,"Mavis"
9690,770962239,"Moo"
9690,770962240,"Beryl"
9690,770710065,"Salesman at Cartier's"
9690,770920595,"Dorothy"
9690,770962242,"Newsreel Narrator"
9690,770962241,"Gertrude's "Limehouse Blues" Dance Partner"
9690,364600161,"Hostess"
9690,770881811,"Molly"
9690,770949865,"Jeannie Banks"
9690,770951048,"Eph"
9690,770678482,"Bert"
9690,770942548,"Jerry Paul"
9690,770685921,"Cesare"
9690,162661798,"No credit"
11485,162660853,"Sandy Bates"
11485,162670589,"Dorrie"
11485,611219267,"Isobel"
11485,351527673,"Daisy"
11485,770669489,"Jack Abel"
11485,578153267,"Shelley"
11485,162675403,"Tony"
11485,770710985,"Vivian Orkin"
11485,162660078,"Actor"
11485,162682372,"Sandy's Sister"
11485,770962247,"Critic"
11485,162690350,""
11485,162668996,"Sandy's Secretary"
11485,770962249,"Sandy's Mother"
11485,770950860,"Sandy's Father"
11485,770925365,"Sandy's Analyst"
11485,770802340,"Old Man"
11485,770925728,"Jerry Abraham"
11485,364623938,"George"
11485,770955643,"Sam"
11485,162653066,"Pretty Girl on train"
11485,326298318,"Studio Executive"
11485,770962248,"Sandy's Manager"
11485,770789403,"Sandy's Press Agent"
11485,770830498,"Sandy's Accountant"
11485,770691085,"Sandy's Lawyer"
11485,770671537,"Dick Lobel"
11485,770957654,"Mrs. Payson"
11485,770942180,"Libby"
11485,770891249,"Dancer to 'Three Little Words'"
11485,770884629,"Question Askers at Screening"
11485,770927220,"Reporter at Screening"
11485,770953744,"Fan in Lobby"
11485,770701203,"Fan in Lobby"
11485,770947390,"Fan in Lobby"
11485,162673757,"Fan in Lobby"
11485,770927799,"Fan in Lobby"
11485,770924289,"Fan in Lobby"
11485,770735886,"Fan in Lobby"
11485,428742412,"Fan in Lobby"
11485,770853861,"Fan in Lobby"
11485,770942661,"Fan in Lobby"
11485,770803335,"Fan in Lobby"
11485,770710570,"Dr. Paul Perlstein"
11485,770962250,"Cabaret Patron"
11485,770957902,"Cabaret Patron"
11485,770924644,"Hostility Victim"
11485,770944897,"Hostility Psychoanalyst"
11485,770669844,"Fan Outside Hotel"
11485,770676185,"Fan Outside Hotel"
11485,770940363,"Friend of Sandy's Sister"
11485,770928158,"Police Sergeant Arresting George"
11485,770758052,"Autograph Seeker on Boardwalk"
11485,770844821,"Autograph Seeker/Assassin"
11485,770928787,"New Studio Executive"
11485,770755604,"Woman in Ice Cream Parlour"
11485,770933283,"UFO follower"
11485,770881974,"UFO follower"
11485,770857892,"UFO follower"
11485,770933488,"UFO follower"
11485,770885758,"UFO follower"
11485,770679726,"UFO follower"
11485,426555786,"Eulogy Audience"
11485,770925724,"Armenian Fan"
11485,770925429,"Cop Arresting Sandy"
11485,770894446,"Singer of 'Three Little Words'"
11485,771085077,"Studio Executive"
770686086,770705558,""
770686086,770705559,""
770686086,770705560,""
770686086,770705561,""
770686086,770705562,""
770686086,770705563,""
485249087,162663355,""
485249087,162664405,""
485249087,162652162,""
485249087,162661579,""
485249087,162652242,""
485249087,770672203,""
485249087,162665747,""
485249087,162652154,""
485249087,162652156,""
485249087,162653066,""
348376260,348376261,""
348376260,348376264,""
348376260,348376265,""
348376260,770852944,""
348376260,428524506,""
348376260,770852945,""
348376260,770852946,""
348376260,770852947,""
17439,364656166,"Himself"
17439,770865491,""
17439,770865492,""
17439,770679943,""
17439,770710043,""
17439,770710041,""
17439,381421261,""
17439,770725053,""
17439,770725054,""
17439,770682215,""
17439,770725055,""
17439,770713635,""
17439,770725056,""
17439,770725057,""
17439,162684042,""
17439,770686350,""
17439,770725058,""
770681551,770693961,""
770681551,770693962,""
770681551,770693963,""
770681551,309922237,""
770681551,770689481,""
770681551,770693964,""
770681551,770693965,""
770771561,162685819,""
770771561,501968497,""
770771561,162652162,""
770771561,178810497,""
770771561,162665747,""
770771561,364629414,""
770771561,162660883,""
771258003,771387692,"Mei"
771258003,771398473,"Jay"
771258003,467364020,"Mei's Mother"
771258003,771385330,"Mei's Father"
771258003,364623225,"Mei's Grandpa"
771258003,771414238,"Jay's Mother"
771258003,771414239,"Teacher"
771258003,771084793,"Mei (adult)"
771258003,770824992,"Xiao Mei"
771258003,771387694,""
770802125,162652511,""
770802125,162660816,""
770802125,770800952,""
770802125,770826456,""
770790586,162660329,""
770790586,770686042,""
770790586,162699361,""
770790586,166851258,""
770790586,770811220,""
770790586,364620321,""
770674730,326396361,"Clay Dalzell"
770674730,312276729,"Donna Mantin"
770674730,364616830,"Jim Kinland"
770674730,364624202,"Horatio Swayne"
770674730,433542524,"Roger Classen"
770674730,313941984,"Tim Winthrop"
770674730,770923426,"Inspector Doremus"
770674730,770721152,"Tommy Tennant"
770674730,770720188,"Gerry Classon"
770674730,770716789,"Abe Ohlman"
770674730,770923837,"Sgt. Cleary"
770674730,770687158,"Kinland Gangster"
770674730,770698745,"Corbett"
770674730,770686148,"Hotel Manager"
770674730,770698665,"Witness"
770674730,770693743,"Doorman"
770674730,770670716,"Doctor"
770674730,770913513,"Officer Lewis"
770674730,770923827,"Deliveryman"
770738156,647817409,"Carlos"
770738156,770710400,"Pepe"
770738156,770754681,"Jennifer"
770738156,770918181,"Teresa"
770738156,770715934,"Maria"
770738156,770731031,"Letti"
770738156,770918182,"Juancito"
770738156,770918183,"Fred"
770738156,770775823,"Cantinflas' Ghost"
770738156,770914831,"Frank Rivers"
770738156,770996755,"Jennifer"
11051,162656962,"Esther Blodgett/Vicki Lester"
11051,162656011,"Norman Maine"
11051,364636381,"Matt Libby"
11051,364601893,"Oliver Niles"
11051,770676720,"Danny McGuire"
11051,770700735,"Lola Lavery"
11051,770708238,"Susan Ettinger"
11051,770673532,"Graves"
11051,770868295,"Libby's Secretary"
11051,465973187,"Glenn Williams"
11051,770962234,"Miss Markham"
11051,770822913,"Guitarist"
11051,770731683,""
11051,770721581,""
11051,770930615,"Esther at age 6"
11051,770927524,"Director"
11051,426554172,"Man in Car"
11051,351526061,"Director"
11051,770962235,"Men at Race Track"
11051,770717082,"Master of Ceremonies"
11051,770712133,"Judge"
11051,770714311,""
11051,770692863,"Master of Ceremonies--Last Scene"
11051,770684084,""
11051,770930372,"1st Dancer"
11051,770713257,"Spectator"
11051,770883270,"Studio Employee"
11051,596915701,""
11051,770725204,""
11051,364641381,"Bruno"
11051,770715523,"Producer"
11051,770694263,"Justice of the Peace"
11051,770716460,"Harrison"
11051,770918918,"Valet"
11051,770721058,"Announcer"
11051,364619018,"Driver"
11051,534309957,"Director"
11051,770741783,"Landlady"
11051,770702580,"Carver"
11051,770672781,"Wallace"
11051,770720822,"Cuddles"
11051,770962236,"Charley"
11051,528758192,"Charley"
11051,364606317,"Party Guest"
11051,364597416,""
11051,326394760,"Premiere Movie Usher"
11051,770848075,""
770933235,162666447,""
770933235,162661860,""
770933235,162664667,""
770797866,162656557,"Carolyn Sayres"
770797866,405588809,"Bud Borden"
770797866,359855482,"Thomas Brooke"
770797866,326394945,"Lola Langdon"
770797866,351527601,"Dane Wharton"
770797866,770678891,"Sam Wellman"
770797866,364617973,"June Lawrence"
770797866,162656932,"Mary Andrews"
770797866,433542513,"Bird Man"
770797866,351527395,"Miss Parker"
770797866,770694345,"Napoleon"
770797866,705614610,"Ronnie"
770797866,575414318,"Bell Boy"
770797866,770706404,"Wellman's Assistant"
770797866,770684743,"Swedish Maid"
770797866,770942246,"Announcer"
770797866,770698745,"Lab Man"
770797866,770673532,"Clerk"
770797866,770710963,"Cameraman"
770797866,770739335,"Secretary"
770797866,770676120,"Bus Driver"
770797866,770695604,"Girl"
770797866,289676584,"Telegraph Boy"
770797866,770972320,"Himself"
770797866,770934112,"Stenographer"
770797866,748170071,"Bit Girl"
770797866,770685898,"Waiter"
770797866,770788885,"Coach"
770797866,364613176,"College Girl"
770679911,770690050,""
770679911,770723092,""
770679911,770690053,""
770679911,770690054,""
770679911,770962201,""
770679911,770717934,""
770679911,770717933,""
770679911,770684522,""
770679911,364609430,""
770679911,770962202,""
770679911,770962203,""
770679911,770691302,""
770679911,770690049,""
770679911,770690052,""
770679911,770783980,""
770676634,162676944,"Col. Johnny Rico"
770676634,465555211,"Captain Lola Beck"
770676634,162749462,""
770676634,417268198,""
770676634,770903945,""
770676634,162654424,""
770907481,162691183,""
770907481,326391862,""
770907481,162718328,""
770907481,770786974,""
770907481,427819122,""
770907481,162666522,""
770907481,426555786,""
770907481,770759516,""
770907481,162675223,""
770801413,341817789,"Pop Webster"
770801413,364614996,"Polly Judson"
770801413,351302268,"Jimmy Webster"
770801413,364661940,"Sarah"
770801413,364611247,"Frisbee"
770801413,731001030,"Mimi"
770801413,770722541,"Hi-Pockets"
770801413,770793610,"Mr. Freemont"
770801413,770726550,"Mac"
770801413,770687160,"Specialty"
770801413,385330704,"Dancer"
770801413,770719136,"Duffy"
770801413,770886216,"Sailor"
770801413,770672780,"Sailor"
770801413,770916957,"Tommy"
770801413,770974364,"Themselves"
770801413,770944589,""
770801413,313941972,""
770801413,770715304,"Liz"
770801413,770923835,"Kate"
770801413,770728778,""
770801413,770720189,""
770801413,770720182,"Bob Hope Skit"
770801413,770751460,"Himself"
770801413,770725611,"Capt. Kingsley"
770801413,770941946,""
770801413,335717797,""
770801413,364632637,""
770801413,335719191,""
770801413,532833313,""Black Magic" Number"
770801413,770678743,""
770801413,770700115,""
770801413,770944059,""Dreamland" Number"
770801413,770783663,"Girl"
770801413,162655725,""Sweater Sarong and Peek-a-Boo Bang" Number"
770801413,770700454,""
770801413,699934085,""
770801413,364612568,""
770801413,770950078,""
770801413,162675408,"Scarface"
770801413,770727270,""
770801413,770716615,"Casey"
770801413,364635669,""
770801413,162656078,""
770801413,770745657,""Old Glory" Number"
770801413,770670039,""
770801413,770759201,""
770801413,433542784,"Man with Sturges"
770801413,770759380,"Himself"
770801413,395114619,"Card-playing Skit"
770801413,770675517,""
770801413,770889761,""
770801413,699934086,""
770801413,770930619,"Assistant Director"
770801413,770930194,""Swing Shift" Number"
770801413,770831716,"Sentry"
770801413,770793609,""
770801413,546953451,""Smart As a Tack" Number"
770801413,410147029,""
770801413,770693361,""Priorities" Number"
770801413,770942306,""
770801413,770969177,""
770801413,770972251,""
770801413,770972252,"Finale"
770801413,770972867,""
770801413,162655663,"Himself"
770801413,162657729,"Guest"
770801413,364642271,"Guest"
770801413,162656571,"Guest"
770801413,341816530,"Herself"
770801413,162658761,"Specialty"
770801413,770719036,"Specialty"
770801413,341816402,"Specialty"
770801413,364619326,"Herself"
770801413,440692441,"Specialty"
770801413,313941971,"Louie the Lug"
770801413,364602861,"Genevieve"
770801413,770804992,""
770801413,162655828,"Guest"
770801413,770673532,"Farmer 'Old Glory' number"
770801413,770724214,"Lady from Iowa 'Old Glory'"
770801413,770677868,"Petty Officer"
770801413,770728180,"Petty Officer"
770801413,770676120,"Adolf Hitler"
770801413,162655817,""
770801413,770695272,"Officer"
770801413,453132348,"Hirohito"
770801413,770712520,"Man from Brooklyn 'Old Glory'"
770801413,770702701,"Mussolini"
770801413,770949727,"Georgia boy 'Old Glory' number"
770801413,364611245,"Specialty"
770801413,364615667,"Himself"
770801413,162657337,"Himself"
770801413,364625957,""
770801413,186033026,"Officer"
770801413,771385106,""
770828355,770740614,""
770694075,770698072,""
770694075,364617377,""
770694075,440676990,""
770694075,162668180,""
770694075,770899602,""
770694075,364634362,""
771357375,162662190,""
771357375,162654291,""
771357375,162664667,""
771357375,326393041,""
771357375,770678894,""
770790471,745781870,""
770790471,770810917,""
770790471,770810918,""
770790471,770810919,""
770790471,770810920,""
770790471,335719642,""
770950150,770693959,""
770950150,770693958,""
770950150,770693960,""
246243307,162656402,"Sean McLennon"
246243307,162664731,"Hudson Santeek"
246243307,162653704,"Sarah"
246243307,162712194,"Reno"
246243307,364606969,""
770737824,162654269,""
770737824,162686758,""
770737824,770678049,""
770737824,770709842,""
770737824,770690149,""
770795276,364610879,"Sheriff Bill Jordan"
770795276,445067997,"Ellen Ballard"
770795276,162661842,"Sam Hall"
770795276,335717710,"Nellie Mason"
770795276,364655009,"George Ballard"
770795276,404579500,"Orval Jones"
770795276,401111405,"Nan Hogan"
770795276,770961404,"The Music Man"
770795276,341462335,"Mike MacNamara"
770795276,416827417,"Jess Ryman"
770795276,528758194,"Rigdon"
770795276,770712580,"Ben Smith"
770795276,770814350,"Jiggs Larribee"
770795276,770694697,"Leo Roos"
770795276,348469510,"Pastor Harris"
770795276,770729394,"Timothy Brown"
770795276,770719709,"Ed Pardee"
770795276,770763747,"Marv Tremain"
770795276,770867974,"Doc Quinn"
770795276,569877699,"Lew Hogan"
770795276,162659169,"Ranch Hand"
770795276,770951339,"Uncredited"
770795276,364599738,""
770814753,770849316,""
770814753,770740814,""
770814753,770789156,""
770814753,770759493,""
770814753,770679845,""
770814753,420512348,""
770814753,351527810,""
770814753,770833742,""
770814753,770828556,""
770814753,770690764,""
770814753,770670399,""
770814753,770694666,""
770814753,399395912,""
770814753,770743121,""
770927149,770887076,""
770770004,770799060,""
770770004,770799061,""
770770004,425566691,""
770770004,770799062,""
770770004,770799063,""
770770004,770799064,""
770735518,770752289,"Taura"
770735518,770746418,"Mike"
770735518,364611033,"Bantor"
770735518,770986862,"Warden Exene"
770735518,364609382,"The Inquistor"
770735518,770690180,"Muffin"
770735518,770728712,"Garth"
770735518,770933600,"Krago"
770735518,770937179,"The Sovereign"
770735518,770926083,"Marai"
770735518,770986863,"Ruby"
770735518,770986864,"Scratch"
770735518,770986868,"Stace"
770735518,770986869,"Squeeker"
770735518,770986870,"Marni"
770735518,770986872,"K.K."
770735518,770967670,"Adriene"
770735518,770967646,"Dr. Po"
770735518,770684086,"Zaal"
770735518,770740775,"Twizzle"
770735518,184529961,"The Justice"
770735518,770953581,"Joo Joo"
770735518,770986865,"Mogwart"
770735518,770758336,"Mogwart #2"
770735518,770986867,"TV Wrestler"
770735518,770674840,"Zombie Alien"
770735518,770928328,"Trooper #1"
770735518,162686934,"Trooper #2"
770735518,770980528,"Android Guard"
770735518,770986871,"Android Guard"
770735518,770964858,"Android Guard"
770735518,770699772,"Game Show Announcer"
770735518,770673638,"Intercom Announcer"
770735518,162677409,"Mouse Robot"
770735518,770986866,"Trooper #2"
770783547,770783821,""
770783547,162710729,""
770783547,770804673,""
770783547,770804674,""
770783547,162715701,""
770783547,770773380,""
770805837,770834207,""
770805837,770834204,""
770805837,770796067,""
770805837,432512441,""
770805837,770834205,""
770805837,770834208,""
770805837,770723369,""
770805837,770834206,""
770805837,162687178,""
770805837,770688820,""
770805837,770713144,""
770805837,770834209,""
770682263,162668180,""
770682263,364615295,""
770682263,364620249,""
770682263,351326313,""
770693516,453915905,""
770693516,770911006,"Landlady"
770693516,770723946,"Laundryman"
770693516,162656874,"Amy Cooper"
770693516,162675403,"Andy Hobart"
770693516,770719140,"Norman Cornell"
770693516,770723947,"Mr. Karlson"
770693516,770712307,"YWCA Receptionist"
770693516,770728116,"Man In Car"
770693516,770889537,"Cowboy On Bus"
770693516,770962217,"Karlson's Boy"
770693516,770962218,"Karlson's Boys"
771356021,202601355,""
771356021,770888190,""
771356021,770674997,""
771356021,162657144,""
771356021,770743930,""
770819798,770847621,""
770819798,770797633,""
770819798,770858029,""
770819798,770921399,""
770819798,770802251,""
770819798,770851048,""
770819798,770858031,""
770925166,162661860,""
770925166,162664667,""
770925166,162677050,""
770925166,326396879,""
770925166,364615604,""
770925166,749184364,""
770925166,346416692,""
770925166,770685918,""
770925166,686047577,""
770925166,450776664,""
770925166,770892255,""
770925166,770723653,""
770925166,770892256,""
770925166,770892257,""
770925166,770690632,""
770925166,770780523,""
770925166,770801243,""
770925166,364641048,""
770925166,770892258,""
770925166,770883419,""
770925166,770883418,""
770925166,770892259,""
770925166,770892260,""
770691512,162655857,""
770691512,162672131,""
770691512,407726897,""
770691512,420368662,""
770691512,770782515,""
770691512,770718893,""
770691512,770718894,""
770691512,533465573,""
770751572,770788923,""
770751572,770788924,""
770751572,770688039,""
770751572,385330207,""
770751572,770788925,""
770751572,770788926,""
770751572,770779626,""
770751572,770788927,""
770751572,770732217,""
770751572,770788928,""
770888882,162679131,""
770888882,770674322,""
770888882,162655925,""
770888882,351527407,""
770930030,162673901,"Sam Bones"
770930030,770676851,"Wendy"
770930030,770867910,""
770930030,770725996,"Henry Pinkle"
770789309,771037676,""
770789309,653489229,""
770789309,771067047,""
770912513,770882130,""
770912513,770882129,""
770912513,770880458,""
770912513,552598264,""
770929277,162654269,""
770929277,162686758,""
770929277,770678049,""
770929277,770709842,""
771004998,770764327,""
771004998,770710397,""
771004998,770751826,""
771004998,770755837,""
771004998,770748592,""
771303326,771402756,""
771303326,771399788,""
771303326,771402757,""
771303326,771402758,""
771303326,771402759,""
528392209,162664308,"Leonard Schiller"
528392209,364612974,"Heather Wolfe"
528392209,162668140,"Ariel Schiller"
528392209,377006808,"Casey Davis"
528392209,528392210,""
528392209,528392212,""
528392209,528392213,""
528392209,770686547,""
528392209,770682450,""
770733481,770940946,""
770733481,770730115,""
770733481,444068714,""
770733481,417267573,""
770888880,312276730,""
770888904,770774526,""
770888904,770783943,""
770910920,770887326,""
770910920,770887327,""
770910920,770887328,""
770910920,770887329,""
770913445,770675106,"John"
770913445,364629215,"Barbara"
770913445,770686164,"Draper"
770913445,770749959,"Whittaker"
770913445,770710921,"Burnette"
770913445,770738354,"Mrs. Randolph"
770913445,341462335,"Clipper"
770913445,770711705,"Gordon"
770913445,770746667,"Sam Grey"
770927645,162673695,""
770927645,770893452,""
770927645,770893453,""
770978283,748170093,""
770978283,770743419,""
770984819,590468690,""
770984819,770669855,""
770984819,770673001,""
770984819,770719226,""
770984819,770733719,""
771005002,770764327,""
771005002,770710397,""
771005002,770751826,""
771005002,770755837,""
771005002,770748592,""
771206678,770706317,""
771206678,771101331,""
771206678,771101332,""
771206678,771101333,""
771206678,771101334,""
771206678,771101335,""
771206678,771101336,""
771206678,771101337,""
771206678,771101338,""
771377956,162694457,""
771377956,771317244,""
771377956,770822582,""
771377956,243105484,""
771377956,162670319,""
771377956,770709642,""
771271061,771246300,""
771271061,771451003,""
771271061,771451004,""
771271061,770696495,""
771271061,771451005,""
771271061,771451006,""
771271061,770936798,""
771271061,770778021,""
13245,162654289,"Sam Deeds"
13245,162689345,"Pilar Cruz"
13245,162652976,"Delmore Payne"
13245,341816616,"Otis Payne"
13245,770673400,"Hollis Pogue"
13245,162654718,"Charlie Wade"
13245,770723910,"Young Hollis"
13245,770937912,"Young Sam"
13245,761416364,"Mercedes Cruz"
13245,162652350,"Buddy Deeds"
13245,162654734,"Bunny"
13245,162711071,"Young Otis"
13245,770719138,""
13245,770992754,""
13245,770725355,""
13245,364598200,""
13245,770719297,"Minnie Bledsoe"
13245,770719158,"Pvt. Johnson"
18680,162655909,"Buzz Lightyear"
18680,162680389,"Evil Emperor Zurg"
18680,412796122,"Mira Nova"
18680,162677390,"Booster"
18680,162673291,"XR"
18680,412796123,"Commander Nebula"
18680,326392213,"Agent Z"
18680,326392258,"Little Green Men"
18680,283081805,""
202570495,364642002,"Noboru Terao (Original  Version)"
202570495,465577391,"Mikako Nagamine (Original Version)"
202570495,364632850,"Noboru Terao (English Version)"
202570495,364632851,"Mikako Nagamine (English Version)"
13583,162694127,""
13583,162694126,""
771030985,770830893,"Christopher Wilde"
771030985,770802045,"Jessica Olson"
771030985,770673605,"Sara Olson"
771030985,770919787,""
771030985,770676665,""
771030985,770690870,""
771030985,771075985,""
771030985,770682791,""
771030985,770799820,""
771030985,770670141,""
771030985,770694666,""
771030985,364599310,""
771030985,770672993,""
771030985,771402369,""
771030985,771093458,""
14821,162652909,"Ben McGewan"
14821,162664616,"Gregory"
14821,770674110,"Jeffrey Jay"
14821,410082042,"Jin Sun"
14821,411588213,"Jake Nealson"
14821,162657624,"Roy"
14821,770669851,"Scott"
14821,162652171,"Vanessa"
14821,770683751,"Betty Shin"
14821,771028495,"Kitten"
14821,411588212,"Rikki Simms"
14821,770671107,"Michael Frakes"
14821,364652207,"disc jockey"
14821,770677979,"Chan gang member 1"
14821,162655496,"Nate goon"
14821,771028252,"Mitchell trannie"
14821,397436623,"Dirk"
14821,771019800,"Stacie"
14821,364623841,"Tonya friend"
14821,770721997,"seedy guy"
14821,770691369,"sickly thin guy"
14821,771028496,"Trevor snake guy"
14821,771028497,"Hamish raverboy 1"
14821,364633424,"Beck raverboy 1"
14821,771028498,"goon 1"
14821,771028499,"trannie 2"
14821,770992913,"trannie 3 samurai"
14821,771028500,"Jake's girl"
14821,162675633,"Don Partridge"
770687128,162685819,""
770687128,162667850,""
770687128,162663355,""
770687128,162660883,""
770687128,364629414,""
770687128,162652680,""
10728,162670134,""
10728,460712829,""
10728,770818290,""
10728,770687219,""
10728,162700669,""
770679392,162657422,"Nikumbh Sir"
770679392,770688777,"Ishaan Awasthi"
770679392,771061052,"Rajan Damodaran"
770679392,771061053,"Yohaan Awasthi / Dada"
770679392,770688776,"Mr. Awasthi / Papa"
770679392,770688779,"Maya Awasthi / Mama"
770679392,770688778,""
770679392,770688780,""
770679392,770794810,""
202590447,202590451,""
202590447,202590454,""
202590447,202590453,""
202590447,202590448,""
202590447,202590455,""
770797198,162652518,""
770797198,162653333,""
770797198,162652519,""
770797198,162652705,""
770797198,162696052,""
770797198,162668503,""
770797198,162654606,""
770797198,162674015,""
770797198,162654237,""
770797198,770697558,""
770797198,770697556,""
770797198,162684057,""
770797198,770818861,""
770797198,162685873,""
770797198,162661022,""
770797198,770818860,""
770797198,341816138,""
770797198,162663360,""
770797198,162696044,""
770797198,770815491,""
11207,162655084,""
11207,162670080,""
11207,162701073,""
11207,326393487,""
11207,162683290,""
11207,364608585,""
770674787,770679083,"Brandon"
770674787,770679082,""
12492,162655994,"Esther Hoffman"
12492,162654718,"John Norman Howard"
12492,162672747,"Brian"
12492,162666821,"Bobby Ritchie"
12492,770707739,"Danziger"
12492,770962231,"One of the Oreos"
12492,770962232,"One of the Oreos"
12492,243317554,"Quentin"
12492,770726619,"Bebe Jesus"
12492,162669006,"Photographer"
12492,770688404,"Freddie"
12492,770962233,"Mo"
12492,770732285,"Himself"
12492,162686758,"Marty"
12492,770924443,""
12492,770800086,"The Speedway"
12492,770838558,""
12492,770726620,""
12492,770726618,""
770675597,770680648,""
770675597,162700180,""
770675597,770699638,""
770675597,770699639,""
770675597,686049984,""
770675597,364601356,""
770682925,162656287,"U.S. Marshall John Travers"
770682925,558034445,"Anita Matlock"
770682925,331935152,"Matt Matlock/"The Shadow""
770682925,364633872,"Yak"
770682925,770693299,"Mason"
770682925,262552548,"Old Jake"
770682925,770962204,"Sheriff Davis"
770682925,770929143,"Boy"
770682925,770697575,"Pete"
770682925,770928266,"Henchman"
770682925,770739297,"Stagecoach Driver"
770682925,770697291,"Parker"
770682925,364607159,""
16066,162686506,"Tina Menzhal"
16066,162664389,"Barry Levine"
16066,162696882,"Philippe Gascon"
16066,285256260,"Renny Ohayon"
16066,162664308,"Blaine de Castillon"
16066,186013190,"Bruce Taylor"
16066,196088490,"Talkshow Host"
16066,770700792,""
16066,404308767,""
16066,771084988,""
16066,770711177,""
16066,364658927,""
16066,335716869,""
16066,770674478,""
16066,364658922,""
16066,770712461,""
16066,368451016,""
11539,162658425,"Claude/Philippe"
11539,162655293,"Charles"
11539,175385358,"Louis XVI"
11539,225141305,"Marie Antoinette"
11539,364605007,"Duke D'Escargot"
11539,162700415,"Christina"
11539,162658050,"Narrator"
11539,770809156,"Sergeant"
11539,364603781,"Jacques Cabriolet"
11539,770715695,"Mimi Montage"
11539,770708602,"Helen DeSisi"
11539,405589468,"Marcel"
11539,335719324,"Blind Man"
11539,770793378,"Dr. Boileau"
11539,770927991,"Duke DeSisi"
11539,770724054,"Lt. Sorel"
11539,770676738,"Andre Coupe"
11539,770708596,"Dr. Duval"
11539,405589463,"Anne Duval"
771015074,770904187,""
771015074,770679083,""
771015074,771023295,""
771015074,771428678,""
771015074,771428679,""
771015074,771428680,""
771015074,771428681,""
16511,335717109,"Lord Shin"
16511,162759289,"Kenshiro"
16511,162670305,"Ryuken"
16511,162731195,"Jackal"
16511,162720862,"Asher"
16511,162678968,"Bat"
16511,162704844,""
16511,770680617,""
16511,770890338,""
16511,770725801,""
16511,770725802,""
16511,770725803,""
16511,770885446,""
16511,364510106,""
16511,691048397,""
14688,162652552,"Phil Potter"
14688,162681126,"Marilyn Holmberg"
14688,162664062,"Jessica Potter"
14688,162653601,"Michael "Mickey" Potter"
14688,162699077,"Marva Potter"
14688,364650871,"Paul"
14688,770708370,"Dan Ryan"
14688,341815997,"Larry"
14688,770716657,"Everett"
14688,770927457,"John Morganson"
14688,770716503,""
14688,770941226,""
14688,770962278,""
14688,162719595,"Marie"
14688,364653705,"Salesman"
14688,770675516,"Workshop Member"
14688,162671862,"Workshop Member"
14688,162660078,"Student 2"
14688,770771604,"Doorman"
14688,770719427,"Room Service Waiter"
14688,364639682,"Stephanie"
14688,770749445,"Older Woman"
14688,385330858,"Clerk"
14688,770822309,"Husband"
14688,162682372,"Wife"
14688,770733001,"Man #2"
14688,162654658,"Husband (Young Couple)"
14688,770727142,"Checkout Girl"
14688,770913448,"Athletic Father"
14688,770923747,"Mother of Kid"
14688,770950846,"Bloomingdale's Crowd"
14688,770952815,"Bloomingdale's Couple"
14688,770954937,"Man in Market"
14688,770890646,"Boston Man"
11354,770747185,"Orin"
11354,351528051,"Dagg"
11354,770747187,"Elan/Aviana"
11354,326392908,"Zygon"
11354,162657039,"Arthur"
11354,770783588,"Silica"
11354,770950300,"Shooter"
11354,770962243,""
11354,770962244,""
11354,770848529,""
11354,770735394,""
11354,770708726,""
11354,770721492,""
11354,770715581,"Kallie"
11354,770679250,"Minemaster"
11354,770747186,"Auctioneer/Z. Gork"
11354,770804580,"Aunt Bella"
11354,770734818,"Magreb"
11354,770719989,"Pung/Hopps"
11354,770962245,""
11354,724901853,""
11354,770962246,""
11354,162676130,""
11354,162656755,""
11354,770686558,""
14906,563313562,"Akton"
14906,162658193,"Stella Star"
14906,162652929,"The Emperor"
14906,326299610,"Prince Simon"
14906,770716474,"Thor"
14906,770735865,"Queen of the Amazon"
14906,563313563,"Elle/Jiakta"
14906,408746709,"Elle"
14906,364661882,"Count Zarth Arn"
770811496,410753221,""
770811496,405668346,""
770811496,384723882,""
770811496,165245435,""
770811496,364636823,""
770811496,162727585,""
770811496,405674212,""
771316630,770717754,""
771316630,162654560,""
11750,770743580,"Jackie Mullens"
11750,770743582,"Angus Mullens"
11750,770678496,"Nana"
11750,770743581,"Pearl"
11750,770683769,"Reg"
11750,770676128,"Robbie"
11750,364638877,"Mrs. Booth"
11750,770823731,"Terry Lambert"
11750,162705380,"Lou"
11750,770962271,"Hazza"
11750,770962272,"On of the Swingers"
11750,770962277,"The Swinger"
11750,770962275,"One of The Swingers"
11750,770962273,"One of The Swingers"
11750,770884028,"Carl"
11750,770962276,"Spider"
11750,770824694,"Phil"
11750,351524612,"Timpany"
11750,770701323,"Teacher"
11750,770888407,"Bouncer"
11750,770879422,"Schoolboy 2"
11750,770952461,"Brewery Truckdriver"
11750,770962274,"Pub Regular"
11750,770882951,"Policeman"
11750,770726726,"Rescue Ladderman"
11750,770947516,"Rock Photographer"
11750,770742943,"Aggresive Drunk"
11750,770720388,"Brewery Executive"
11750,162659119,"Floor Manager"
11750,770726940,"Make-up Artist"
11750,770941392,"Wardrobe Lady"
11750,416804328,"TV Director"
11750,364616831,"Ice Cream Girl"
11288,162652664,"Aurora Greenway"
11288,162654226,"Jerry"
11288,162654115,"Melanie Horton"
11288,162657484,"Patsy"
11288,162667363,"Arthur Cotton"
11288,364656170,"Tommy Horton"
11288,364620476,"Rosie Dunlop"
11288,162662345,"Teddy Horton"
11288,162654979,"Garrett Breedlove"
11288,162692475,"Bruce"
11288,770677702,"Hector Scott"
11288,770695235,"Jane"
771374764,770672753,""
771374764,542897117,""
771374764,770697078,""
771374764,770766205,""
771374764,770740297,""
770673705,162660044,"Henderson Dores"
770673705,162685483,"Loomis Gage"
770673705,162752374,"Bryant"
770673705,770676699,"Beckman Gage"
770673705,162655020,"Irene Stein"
770673705,162678070,"Freeborn Gage"
770673705,770715134,"Shanda Gage"
770673705,162690561,"Duane Gage"
770673705,551543379,"Pruitt"
770673705,162691693,"Teagarden"
770673705,162679021,"Melissa"
770673705,162661099,"Cora Gage"
770673705,770676698,"Sereno"
770673705,770714987,"Gint"
770673705,364600919,"Rev. Cardew"
770673705,429322549,"Monika"
770673705,770719297,"Alma-May"
770673705,770913291,"Beeby"
770673705,770962257,"Small Boy in Canoe"
770673705,770747988,"Cowboy"
770673705,770962258,"Diner"
770673705,770765582,"Father in Canoe"
770673705,770804254,"Hotel Receptionist"
770673705,770962259,"Auctioneer"
770673705,770962260,"Photographer"
770673705,770950259,"Diner"
770673705,770962261,"Hot-Dog Vendor"
770673705,770962262,"Cavalry Bellman"
770673705,770962263,"Lady at Auction"
770673705,770782287,"Waiter"
770673705,770954190,"Waitress"
770673705,770685937,"Bellman"
770673705,770962264,"Pursuer"
770673705,756466135,""
770673705,770713464,"Pursuer"
770673705,770962265,"Indian Maiden"
770673705,364613215,"Doorman"
770673705,770818884,"Pursuer"
770673705,770962266,"Woman in Canoe"
770673705,770933294,"Hotel Receptionist"
770673705,770710841,"Drunk"
770673705,162654527,"Charlie"
770673705,770742833,"General"
770673705,770740312,"Bartender"
770926035,384723882,""
770926035,405668346,""
770926035,405674212,""
770926035,364636823,""
770926035,165245435,""
770926035,416810702,""
770926035,410753221,""
770926035,418812506,""
770926035,410855269,""
770926035,162727585,""
770926035,382056652,""
770926035,410881238,""
770926035,162664689,""
770926035,162741528,""
770683208,770698257,""
770683208,770698258,""
770683208,770698260,""
770683208,568933177,""
770683208,770698259,""
770683208,770698273,""
470650910,470650914,"Charlie Starkweather"
470650910,470650925,"Caril Ann Fugate"
470650910,770682469,""
470650910,771016296,""
470650910,470650926,""
470650910,162660194,""
470650910,559507850,""
470650910,770738936,""
470650910,770738937,""
470650910,770757818,""
425566662,162653303,"Narrator"
425566662,425566671,""
425566662,425566691,""
771208337,162661537,"Mo Meyerson"
771208337,364638771,"Farmer"
771208337,162682330,"Mrs. Cage"
771208337,770679307,"Garrett Smalley"
771208337,771037838,"J.R."
771208337,771083343,"Chance McCoy"
771208337,771084552,"Brenna Steele"
771208337,771084553,"Eigsh"
771208337,770910792,"Natalie Cage"
771208337,770673847,"Kari"
770825022,585856789,""
746836127,364632523,""
746836127,770669868,""
746836127,162668843,""
746836127,770783901,""
746836127,162678807,""
746836127,770678563,""
746836127,771093465,""
746836127,746836128,""
746836127,771093466,""
770672901,770675309,"Starrbooty"
770672901,770687667,""
770672901,770675310,"Annaka Manners"
770672901,770675311,""
770672901,770894701,""
770672901,770685709,""
770672901,770680932,""
770672901,770920191,"Max"
321958314,162657080,"Pacer Burton"
321958314,364635623,"Clint Burton"
321958314,364604435,"Roslyn Pierce"
321958314,770925941,"Buffalo Horn"
321958314,364635624,"Neddy Burton"
321958314,162655777,"Dred Pierce"
321958314,364635625,"Sam Burton"
321958314,770670126,"Doc Phillips"
321958314,391491613,"Angus Pierce"
321958314,770719663,"Dorothy Howard"
321958314,162692784,"Tom Howard"
321958314,601406682,"Will Howard"
321958314,387132360,"Jute"
321958314,770939922,"Ph' Sha Knay"
321958314,770763749,"Ben Ford"
321958314,770936271,"Hornsby"
321958314,770674712,"Two Moons"
321958314,770701113,""
321958314,770743193,"Dottie Phillips"
321958314,770757034,""
321958314,770920455,"Vocal Accompaniment"
321958314,770756703,"Indian Brave"
321958314,770939924,"Indian"
321958314,770926445,""
321958314,575390142,"Mrs. Phillips"
321958314,770939923,"Brave (uncredited)"
321958314,721623942,""
770752377,162654579,"Narrator"
770752377,162656834,""
770752377,162653279,""
770752377,770746839,""
770752377,770824654,""
770794751,770815491,""
335719188,335719189,"Josiah Dozier Grey"
335719188,335719191,"Harriet Gray"
335719188,162657838,"John Kenyon"
335719188,335719193,"Dr. D.K. Harris Sr."
335719188,770673451,"Dr. D.K. Harris Jr."
335719188,770708238,"Faith Radmore Samuels"
335719188,335717799,"Uncle Famous Prill"
335719188,770691403,"Prof. Sam Houston Jones"
335719188,770686376,"Sarah Isbell"
335719188,770928642,"Lon Backett"
335719188,590545710,"Perry Lokey"
335719188,770670697,"Chloroform Wiggins"
335719188,573373046,""
335719188,335719192,"Jed Isbell"
335719188,364619305,"Narrator"
601636763,364606563,"John Philip Sousa"
601636763,364622615,"Lily"
601636763,351524779,"Willie Little"
601636763,364653873,"Jennie Sousa"
601636763,381421523,"Col. Randolph"
601636763,364641213,"Maj. Houston"
601636763,770937675,"Mme. Bernsdorff-Mueller"
601636763,397361692,"Mr. Pickering"
601636763,770801564,"Maid"
601636763,770832485,"Organ Grinder"
601636763,770715242,"Secretary of the Navy"
601636763,770727916,"Music Professor"
601636763,770953833,"Navy Nurse"
601636763,770953184,"Bass Singer"
601636763,770671391,"Purvis"
601636763,770672689,"President Benjamin Harrison"
601636763,770934832,"Mrs. Harrison"
601636763,770677854,"President's Aide"
601636763,162662642,"President's Aides"
601636763,770706717,"Senator"
601636763,770949869,"Nora"
601636763,770928521,"Prof. Estaban"
601636763,770712812,"Glove Salesman"
601636763,770882245,"Mme. Liebling"
601636763,770715525,"Mr. McCaull"
601636763,770712133,""
601636763,770896066,"David Blakely"
601636763,770889528,""
601636763,546953796,"John Philip Sousa Jr."
601636763,364641384,""
770804567,364611964,"Jim Maclaine"
770804567,364660972,"Mike"
770804567,429080635,"Porter Lee Austin"
770804567,770711727,"Jeanette"
770804567,770974354,"Colin Day"
770804567,719893004,"Ralph Woods"
770804567,364653747,""
770804567,770964795,""
770804567,770696017,"Sally Potter"
770804567,770831757,"Danielle"
770804567,770713588,"Felix Hoffman"
770804567,770816881,"Keith Nolan"
770804567,770886054,"TV Interviewer"
770804567,364611960,"J.D. Clover"
770804567,770721647,"Alex"
770804567,364658649,"Johnny"
770804567,770746982,"Stevie"
770804567,770677416,"Kevin"
770804567,404561655,"Harrap"
770804567,770740110,"Brian"
770804567,770977969,"Lucille"
770804567,770977970,"Felix Hoffman"
395114772,364658857,""
395114772,364645459,""
395114772,341817090,""
395114772,395114773,""
395114772,395114774,""
585856898,770684365,""
585856898,770825609,""
585856898,770684366,""
585856898,770825611,""
585856898,770825610,""
770850711,326392221,"Narrator"
770850711,162652156,""
770850711,162676269,""
770850711,162660810,""
770850711,358124392,""
770850711,326392219,""
770850711,162654309,""
770850711,162683609,""
770850711,247572649,""
770850711,584856350,""
770850711,162655020,""
770850711,326298056,""
770850711,364569374,""
770850711,326396049,""
770850711,162664755,""
770850711,770721435,""
770850711,162661022,""
770728344,162654269,""
770728344,770709842,""
770728344,770678049,""
770728344,770779721,""
770728344,603087855,""
770728344,770779722,""
770728344,770690149,""
770728344,162686758,""
770683513,162673956,"Prof. Duncan"
770683513,162652385,"Capt. Rameses"
770683513,364639051,"Anaxi"
770683513,770698880,"Phi"
770683513,162680408,"Betty"
770683513,770747989,"Malcolm"
770683513,770738912,"Gezeth"
770683513,770962270,"Dorothy"
771376196,771502134,""
771376196,770687682,""
771376196,326299031,""
421551467,421497712,""
421551467,421503193,""
421551467,771014734,""
421551467,421503188,"Diana Briggs"
421551467,770782689,""
727275471,770916922,"Vincent van Gogh"
727275471,727275478,""
727275471,727275479,""
727275471,162669006,"Detective Murphy"
727275471,770712721,""
727275471,727275473,""
770711140,162671515,"George Flynn"
770711140,162713132,"Kyle Carey"
770711140,162702152,"Jarry Wallace"
770711140,162683103,"Sandra"
770711140,364635993,"Philip Fox"
770711140,162654146,"Iona Shirley"
770711140,162693532,"Manny"
770711140,162655491,"Tracey Beck"
770711140,359854319,"Saul Spengler"
770711140,162711061,"William"
770711140,364625529,"Linda Phaeffle"
770711140,770907204,""
770760950,770741236,""
770760950,770720191,""
770760950,770766114,""
770760950,770717393,""
770760950,770742498,""
770760950,770734514,""
770760950,770766115,""
770760950,770750664,""
770760950,770743290,""
770760950,770748342,""
770760950,770740924,""
770760950,770766116,""
770760950,770745539,""
770760950,770764620,""
770760950,770766117,""
770760950,770717401,""
770760950,770766118,""
770760950,770762080,""
770760950,770750665,""
770760950,770734519,""
770760950,770717407,""
770825376,770743838,""
770683028,770697812,""
770683028,770697813,""
770683028,770697814,""
770848260,770675309,"Narrator"
770848260,162673695,""
770848260,162653373,""
770848260,162656687,""
770848260,162661022,""
770848260,162660131,""
770848260,770764936,""
770848260,770722435,""
770848260,162666095,""
770848260,162652387,""
770848260,162709929,""
770986055,364620950,""
770986055,364601682,""
770986055,770900441,""
770986055,770895627,""
770695773,770728998,""
770695773,770728999,""
770695773,770729000,""
770695773,770719901,""
770817102,162689193,""
770817102,162652530,""
770817102,338671161,""
770817102,162652717,""
770817102,162670098,""
770817102,162655909,""
770817102,162654812,""
770889061,351528051,""
770889061,770783588,""
770787420,162749462,""
770787420,162690499,""
770787420,770715357,""
770787420,770734871,""
770787420,770734872,""
770787420,771102663,""
770787420,770734914,""
770801343,364660261,""
770801343,162654631,""
770801343,162665741,""
770801343,162670092,""
770801343,364607580,""
770801343,162656571,""
770801343,770697940,""
770801343,162736756,""
770801343,162660442,"Erica"
770801343,270615752,"Nancy"
770801343,770732807,""
770801343,364662065,"Felix"
770801343,770926018,"Millie"
770801343,770956446,"Carl"
770801343,445068017,"Mrs. Harvey"
770801343,770849248,"Laura"
770801343,162660329,"Gary"
770801343,770817481,"Clair"
770801343,770670128,"Dr. Hyatt"
770801343,162686758,"Scott"
770801343,395114927,"Schultie"
770801343,770765777,"Chris"
770801343,770850126,"Holt"
770801343,770715353,""
770801343,770735674,"Del"
770801343,770882670,"Betty"
770801343,381422105,"Ray"
770801343,770801515,"Laurie"
770801343,770734860,"Bud"
770801343,770744966,"Passenger"
770801343,750902810,"Guard"
770801343,770924462,"Reporter"
770813656,770844206,""
770813656,770692463,""
770813656,770690173,""
770813656,770850858,""
770813656,770850859,""
770813656,747096405,""
771382814,771495910,""
771382814,771495911,""
771382814,770792463,""
771382814,335715928,""
771382814,770717379,""
771382814,771449011,""
770826360,770747954,""
770829502,770759410,""
770884998,770882142,""
770714737,551297379,"Herself"
770714737,364645114,"Dorothy"
770714737,600337337,"Jerry Werner"
770714737,770744215,"Coral Browne"
770714737,770757507,"Tommy Pileggi"
770714737,364598462,"Shrink"
770714737,770736304,"Accountant"
770714737,770757508,"Jane"
770714737,770674031,"Max"
770714737,770678197,"Gene"
770714737,770706628,"Audition Woman"
770714737,770810452,"Temple Door Man"
770714737,770756527,""
770714737,444004763,""
770714737,770749096,""
770714737,770726099,""
770814694,162674856,""
770814694,770678684,""
770814694,162652553,""
770814694,326434053,""
770814694,770849197,""
770814694,162654291,""
770814694,162659641,""
770814694,162696052,""
770814694,162653104,""
770814694,771104216,""
770814694,162663819,""
770814694,162686940,""
770814694,162655397,""
770814694,358169227,""
770814694,356196973,""
770814694,162652209,""
770817777,277048009,""
770847227,162653738,""
770847227,162661543,""
770847227,770805292,""
770847227,162659108,""
770847227,162654606,""
770847227,162661022,""
770847227,162686940,""
770847227,162686732,""
770847227,770710488,""
770847227,162694477,""
770847227,162662242,""
770847227,162701464,""
326396911,326396913,""
326396911,326396914,""
326396911,326396915,""
326396911,326396918,""
326396911,326396919,""
770700508,417267573,""
770700508,444068714,""
770700508,770737341,""
770700508,770737342,""
770700508,770700860,""
770700508,770709524,""
770700508,770737343,""
770700508,340115925,""
770700508,770737344,""
771035755,771018255,"Lian Song"
771035755,174137607,"Yukiko"
771035755,364519717,""
771035755,395113541,""
771270188,771398164,""
770669562,770669764,"Danielle"
770669562,770669765,"Cupcake"
770669562,225171333,"Angel"
770669562,770924805,"Kong"
770669562,770913800,"Norman"
770669562,770962251,"Carter Axe"
770669562,162674863,"Jerry"
770669562,770711527,"Ron"
770706352,364643074,""
770706352,770745958,""
770706352,771017752,""
770706352,771017753,""
770790689,770811391,""
770790689,385330933,""
770790689,580222946,""
770790689,770811392,""
770790689,770811393,""
770792070,770812715,""
770792070,770679337,""
770804735,162655919,"Herself"
770804735,162655849,"Himself"
770804735,364613812,"Herself"
770804735,326394944,"Himself"
770804735,364612079,"Herself"
770804735,364612034,"Nell Wayne"
770804735,770676179,"Sgt. Mike Nolan"
770804735,770792761,"Corp. Rick Williams"
770804735,770672781,"Col. Callan"
770804735,770670029,"Chaplain"
770804735,162669493,"Himself"
770804735,162655698,"Guest Star"
770804735,162660355,"Guest Star"
770804735,770818381,"Guest Star"
770804735,770809114,"Guest Star"
770804735,341816529,"Guest Star"
770804735,162656094,"Guest Star"
770804735,770673002,"Guest Star"
770804735,770692776,"Bob Wayne"
770804735,770937324,"Lieutenant"
770804735,597096850,"Crew Chief"
770804735,770708239,"Boy with Cane"
770804735,770701339,""
770804735,770928522,"Waitress"
770804735,770742945,""
770804735,709816875,"Litter Case"
770804735,770706025,"Sgt. Mike Nolan"
770804735,770926983,"Miss Parsons' Assistant"
770804735,770938835,"Morgan"
770804735,770801563,"Sue Wayne"
770804735,764948359,"Mrs. Williams"
770804735,465973187,"Non-Com"
770804735,770813727,"Nurse"
770804735,770929432,"Nurse"
770804735,326395893,"Mrs. Callan"
770804735,770726010,"Turner"
770804735,770914334,"Army Nurse"
770804735,770977971,"Piano Player"
770804735,770715140,"Theatre Manager"
770804735,770977972,"Ground Officer"
770804735,770934609,"Nurse"
770804735,530536785,"Will"
770804735,364620107,"George Norris"
770804735,770686598,"Pete"
770804735,770725343,"Capt. Nelson"
770804735,770729727,"Co-Pilot"
770804735,770945481,"Chief Usher"
770804735,770730377,"Flight Nurse"
770804735,770930092,"Doctor"
770804735,770946085,"Dr. Williams"
770804735,770670017,"Steve Rogers"
770804735,770805903,"Virginia Boy"
770812376,162660131,""
770812376,364609819,""
770812376,162677390,""
770812376,162662375,""
770812376,770806562,""
771358971,770693369,"Jake Lew"
771358971,770690484,"Charles"
771358971,771028929,"Ally Clark"
771358971,771495249,"True"
771358971,770685151,"Lanie"
771358971,770892847,"Dr. Frank"
771358971,771057496,"Jade"
771358971,770793820,"Grace"
771358971,771497135,"Claire"
771358971,751337402,"Homeless Stan"
771358971,770725772,"Jim"
771358971,770777602,"Mr. Black"
12570,388392014,""
12570,162661013,"Muscles"
12570,162659309,""
12570,162707228,""
12570,364620039,""
12570,770846077,"Fastbuck"
12570,162681628,"Ricky"
12570,721257995,""
770676115,302612107,""
770676115,770681771,""
770676115,405587727,""
770794212,770739593,"Himself"
770794212,364635935,"Soapy"
770794212,705511876,"Terry Lawrence"
770794212,378982606,"Waco-Bert"
770794212,770726175,"Hank Lawrence"
770794212,770733364,"Knuckles"
770794212,770815030,"Ringo Evans"
770794212,770671748,"Tucker"
770794212,770732602,"Buggsy"
770794212,770744110,"Two Horn"
770794212,770694686,"Judge Smith"
770794212,770966796,"Themselves"
770794212,770943231,""
770816314,162746078,"CD"
770816314,287408324,"Sly"
770816314,282392570,"Chrissie"
770816314,162686452,"Ocker Tyron"
770816314,162695612,"Rachel"
770816314,162661126,"Lord de Quincy"
770816314,395113140,"Zimmerman"
770816314,770678646,"Karen"
770816314,770787085,"Walter"
770816314,770917871,""
770846963,770836813,""
770846963,359854455,""
770846963,512896981,""
770846963,597123360,""
770846963,162657735,""
770846963,162668195,""
770846963,770860854,""
770846963,630715376,""
770846963,162661017,""
770846963,770860855,""
770846963,770860856,""
770924272,162674562,"Arianna"
770924272,162749471,"Kieran"
770924272,162652911,"Grampa Lium"
770924272,259260121,"Rod"
770924272,770709045,"Pallas"
770924272,770832000,"Cailie"
771026759,770784613,""
20012,770672038,""
20012,770672039,""
20012,770672040,""
20012,313889860,""
20012,770848419,""
247587639,326397126,"Esther Blodgett"
247587639,162660722,"Norman Maine"
247587639,335718294,"Oliver Niles"
247587639,364646826,"Lettie"
247587639,364646827,"Danny McGuire"
247587639,364603780,"Matt Libby"
247587639,770913791,"Anita Regis"
247587639,770684513,"Pop Randall"
247587639,594268105,"Casey Burke"
247587639,770756717,"Aunt Mattie"
247587639,770925586,"Esther's Brother"
247587639,405589526,"Miss Phillips a clerk"
247587639,770678542,"Ward"
247587639,770677866,"Otto Friedl"
247587639,770673532,"Station Agent"
247587639,770940914,"Waitress"
247587639,770675104,"Cop"
247587639,770959793,""
247587639,770698665,"Delivery Boy"
247587639,770884473,"Painter"
247587639,770925566,"Cameraman"
247587639,770887363,""
247587639,770927168,""
247587639,770746667,"People at Burke's Party"
247587639,770962229,""
247587639,770675020,""
247587639,364602569,"Bert"
247587639,770821101,""
247587639,770717248,"Bailiff"
247587639,770932046,""
247587639,770818249,"Black Prisoner"
247587639,770824777,"Announcer at Chinese Theater"
247587639,770720181,"Assistant Cameraman"
247587639,770926779,"Justice of the Peace"
247587639,770951678,"Orchestra Leader at Hollywood Bowl"
247587639,770721439,"Theodore Smythe"
247587639,770711703,"Posture Coach"
247587639,770710966,"Cuddles"
247587639,770680050,"Prisoner"
247587639,770702449,"Waitress"
247587639,770698104,"Night Court Judge"
247587639,770714712,"Makeup man"
247587639,559573831,"Girl in beret (Santa Anita bar)"
247587639,770721080,"Prisoner"
247587639,770675209,"Voice Coach"
247587639,770730425,"Headwaiter"
247587639,770923837,"Bartender at Santa Anita"
247587639,410146957,"Billy Moon"
247587639,770739146,"Artie Carver"
247587639,770714947,"Academy Awards Speaker"
247587639,170366984,"Marion (Santa Anita bar)"
247587639,770749644,"Rustie"
247587639,364646568,"Party Guest"
247587639,770962230,""
247587639,770739875,""
770679314,315434791,""
770679314,770902503,""
770679314,189024858,""
770679314,770688598,""
770679314,751168700,""
770679314,315435981,""
770679314,315433810,""
770679314,770681790,""
770679314,770980978,""
770679314,770749138,""
770679314,329449568,""
770679314,770971896,""
770679314,770739666,""
770679314,329449569,""
770679314,770993440,""
770679314,329451532,"Narrator"
770679314,770681791,""
770684035,770700247,""
770684035,770700250,""
770684035,770692888,""
770704044,162662856,""
770704044,770673001,""
770704044,590468690,""
770704044,770719226,""
770704044,162656629,""
770704044,770733719,""
770704044,770669855,""
770746179,770721732,""
770803580,770732926,"Tex Newman"
770803580,770889765,"Maria"
770803580,770829594,"Mexican woman"
770803580,770711704,"Ananias"
770803580,770732943,"Kildare"
770803580,770725812,"Capt. Gomez"
770803580,770806626,"Ashley Hill"
770803580,404807511,"Gov. Ruiz"
770803580,770732920,"Capt. Brooks"
770803580,770716336,""
770803580,770924204,""
770803580,770943231,""
770803580,770926051,"PeeWee"
770803580,770746891,"Croft"
770803580,770795892,"Farrell"
770803580,404831515,"Bartender"
770803580,770835039,"Henchman"
770803580,770783332,"Henchman"
770803580,770739297,"Henchman"
770803580,770809566,"Henchman"
770803580,326395943,"Player"
770803580,770942285,"Dancer"
770803580,770930100,"Singer"
770803580,364656225,"Hank Boston"
770803580,770697297,""
770803580,770719283,""
770803580,770829595,""
770818263,770967484,""
770818263,162656398,"Ellen Winslow"
770818263,770693628,"Gerald Winslow"
770818263,770843929,""
770818263,364599866,"Cliff Kane"
770818263,770830309,""
770829550,770733095,""
770829550,770734617,""
770857860,162701419,"Dea Dani"
770857860,162658192,"John"
770857860,770986401,"Herself"
770857860,770840544,""
770857860,770952508,"Fascist Party Secretary"
770857860,770963233,""
770857860,770748191,""
770857860,770731817,""
770857860,364611656,"Mimmo Adami"
770889075,359852737,""
770889075,162681824,""
770889075,162659169,""
770889075,364643274,""
770889075,162660816,""
770889075,162664630,""
770889075,162656471,""
770889079,770883464,"Lorca"
770889079,162652821,"Kid"
770889079,770883465,"Susi"
770889079,770686983,"Jowitt"
770889079,391393047,"Danny"
770889079,770738617,""
770915299,770677861,""
770915299,770677863,""
770965059,162749462,""
770965059,770715357,""
770965059,162690499,""
770971033,405674208,""
770971033,770772258,""
770971033,770676858,""
770971033,770689788,""
770971033,770737458,""
770971033,770794961,""
770971033,770750119,""
770971033,770682661,""
770971033,259260121,""
770971033,247612019,""
770971033,770699381,""
770971033,364633988,""
770971033,770717502,""
770971033,620809198,""
770971033,770709606,""
