{"name":"Attributes","value":100,"children":
	[
		{"name":"Retail Price","value":75,
			"children":[{"name":"Porsche","value":83565},
						{"name":"Audi","value":43307.89473684211},
						{"name":"Acura","value":42938.57142857143},
						{"name":"Mercedes-Benz","value":60656.807692307695}
						]
		},
		{"name":"Engine Size (l)","value":75,"children":
			[
				{"name":"Porsche","value":3.542857142857143},
				{"name":"Audi","value":3.0578947368421057},
				{"name":"Acura","value":3.0428571428571423},
				{"name":"Mercedes-Benz","value":3.9038461538461537}
			]
		},
		{"name":"HP","value":75,"children":
			[
				{"name":"Porsche","value":321.14285714285717},
				{"name":"Audi","value":250.78947368421052},
				{"name":"Acura","value":239.28571428571428},
				{"name":"Mercedes-Benz","value":278.6923076923077}
			]
		},
		{"name":"City MPG","value":75,"children":
			[
				{"name":"Porsche","value":17.428571428571427},
				{"name":"Audi","value":18.473684210526315},
				{"name":"Acura","value":19.428571428571427},
				{"name":"Mercedes-Benz","value":17.346153846153847}
			]
		},
		{"name":"Hwy MPG","value":75,"children":
			[
				{"name":"Porsche","value":24.714285714285715},
				{"name":"Audi","value":25.789473684210527},
				{"name":"Acura","value":26.142857142857142},
				{"name":"Mercedes-Benz","value":23.653846153846153}
			]
		}
	]	
}