Id,Label,track_name,artist,In-Degree,Out-Degree,Degree,Eccentricity,Closeness Centrality,Betweenness Centrality,PageRank
2527625b-0752-48f3-95fd-c3f216686db8,,Strong Enough,Cher,1,10,11,7.0,3.5847457627118646,4093.691972981222,0.0043392869149389566
a88735e6-b35c-4379-8ef7-bbd2b793ccf4,,All or Nothing,Cher,1,10,11,8.0,4.0741525423728815,2505.68500886039,0.005477658508979307
bcd3a77c-64a6-4c03-967b-92a0f6880c44,,Can't Get You Out of My Head,Kylie Minogue,10,9,19,7.0,3.51271186440678,9733.569036268367,0.007033199979600179
31a6b752-291c-456f-ade5-f4b85545e6df,,Hung Up,Madonna,6,9,15,8.0,3.7245762711864407,3067.159873178753,0.00557176145876411
1111fd1f-7868-40a5-9dec-15dcd9b175a3,,Vogue,Madonna,5,9,14,6.0,3.455508474576271,17263.850293798798,0.006034404793922008
4988f79d-2945-471d-b238-79f04949ed34,,Get Outta My Way,Kylie Minogue,10,10,20,7.0,3.5677966101694913,12560.127524222497,0.00824216492120613
d48db0f4-fab6-4d18-bc1f-aec43772af96,,Waiting for Tonight,Jennifer Lopez,6,9,15,7.0,3.6504237288135593,11861.987252807052,0.0059183947260368006
9a48bf40-4567-473d-b9f6-100ae4ac83eb,,Applause,Lady Gaga,12,9,21,8.0,3.8072033898305087,4699.415431177088,0.008552209966929396
0118d2c3-ec15-470e-b22d-4ae0134bd46e,,Torn,Natalie Imbruglia,10,10,20,7.0,4.059322033898305,14383.760903030823,0.011177696308187015
35143c2f-0484-44e2-bf27-7baa7ca5e135,,Walking on Air,Katy Perry,23,8,31,7.0,3.3538135593220337,17529.707791249515,0.011831738316071528
b5e893c6-6c1d-452f-a6c5-4b40354d41bd,,Poker Face,Lady Gaga,3,8,11,8.0,3.9216101694915255,2253.353761568062,0.004656373441924797
5b5dda5d-7782-4ab2-8f49-cdbd98ecfc52,,Barbie Girl,Aqua,3,10,13,9.0,4.635593220338983,6710.957642610409,0.0065312717539700435
17410183-d250-49c9-8be1-04d26fa4c71d,,Let There Be Love,Christina Aguilera,2,8,10,8.0,4.055084745762712,325.7516018951438,0.0037795600007404706
030c5163-88d9-4e9f-babb-59aa3d9db620,,...Baby One More Time,Britney Spears,3,8,11,8.0,3.733050847457627,6525.708092007399,0.004895053951173856
aeff81b2-6e5c-4d1e-943f-e07b9a8cc29e,,Toxic,Britney Spears,10,8,18,7.0,3.3707627118644066,11979.307649064327,0.007128672717600877
0d6b001d-48c7-42f1-b617-ae0e3781eaa5,,Wannabe,Spice Girls,3,10,13,8.0,3.805084745762712,11533.8290394606,0.005887857080080722
7d9f69b7-81e7-4b42-ac24-ee58028740c8,,Not Myself Tonight,Christina Aguilera,10,9,19,7.0,3.5190677966101696,3894.0533697374285,0.007482752741978222
de9a5376-a45b-4255-8e82-031ce6728e87,,Say You'll Be There,Spice Girls,4,10,14,8.0,3.989406779661017,6899.22324174307,0.006335430307766511
710f21dc-4237-4459-90fd-b117a71d347f,,All That She Wants,Ace of Base,3,10,13,9.0,5.180084745762712,1701.5535866910864,0.006211822443165338
bb9401f9-41b1-4a5d-9b8c-b2ae039c09fe,,If You Had My Love,Jennifer Lopez,4,8,12,8.0,4.2076271186440675,2853.8626810287233,0.006363492840395928
60535489-7d75-4686-a578-a42ca0cd1e49,,The Sign,Ace of Base,2,10,12,9.0,5.180084745762712,1725.7645299145286,0.006273052209812938
25fc2052-d6ea-4cca-a018-5172d22edd03,,Only Girl (In the World),Rihanna,5,9,14,8.0,3.961864406779661,2178.681462864905,0.005886969207780524
128fcda8-d61d-4932-be2b-56c8e37b45d4,,Time After Time,Cyndi Lauper,1,10,11,10.0,6.432203389830509,2809.0092614229256,0.007833073391449395
44e38b7b-11b1-4ada-82e2-6583c947aa34,,Murder on the Dancefloor,Sophie Ellis-Bextor,3,10,13,8.0,4.0974576271186445,1338.7703865719855,0.004937203674435384
03659fc1-e2b6-407c-8f90-8854fbfe82c7,,Together Again,Janet Jackson,2,10,12,8.0,4.3326271186440675,5460.628914031415,0.007139784257236952
0c9d85d2-0666-4471-9842-d5a346523f73,,Birthday,Katy Perry,14,8,22,8.0,3.667372881355932,9806.351315472291,0.008381040630455208
3e5da524-7dc7-44b9-abbb-c1a0cad3a496,,Domino,Jessie J,1,10,11,9.0,4.52542372881356,2078.315011541634,0.005295414699065905
1e9fa7a6-e5d8-4df8-be79-c5978d37f55a,,Die Young,Ke$ha,7,10,17,9.0,4.330508474576271,2109.6629402728277,0.006620322153186953
00b0f9ec-6bff-449e-98ea-50ac5129f215,,What You Waiting For?,Gwen Stefani,2,9,11,8.0,3.9915254237288136,1733.0361599517448,0.004751524459169228
3c848550-0f64-4c30-b50a-d750672a2217,,Your Love Is My Drug,Ke$ha,0,9,9,9.0,4.430084745762712,1582.6642233319344,0.0043990100086508735
79ae7638-afcd-4b94-ac52-37eb33aeefc3,,Dancing on My Own,Robyn,1,9,10,8.0,4.413135593220339,1140.8114106372389,0.004588160099574259
feb93955-2724-408c-8444-41f5f20b03ef,,Livin' La Vida Loca,Ricky Martin,1,10,11,8.0,4.245762711864407,4969.17236150155,0.006665159879957312
ba9dbfff-f193-43b8-b1ab-7c5ad426ab14,,It's Raining Men,Geri Halliwell,3,10,13,8.0,3.9597457627118646,4191.41609576292,0.005331119843940466
dc0cce76-0cec-4ffd-b02a-791042c87936,,Cool,Gwen Stefani,1,9,10,8.0,3.9597457627118646,5912.585015249603,0.006020273405064071
10b761bb-340d-4b44-8a53-d8851b28940a,,Starships,Nicki Minaj,3,9,12,9.0,4.686440677966102,415.2928375115629,0.004295677697031316
363eb084-5711-4615-a169-50fc3a80e296,,I Wanna Dance with Somebody (Who Loves Me),Whitney Houston,0,10,10,7.0,5.161016949152542,6788.474119038962,0.006097883954570598
2ea5e2c3-b89c-49df-9173-0c4f36141d1a,,Hero,Mariah Carey,0,10,10,8.0,5.033898305084746,3572.2315379169627,0.008295064839041962
2cbac933-ec0d-43ae-b064-956f0ea9978e,,Left Outside Alone,Anastacia,0,9,9,7.0,4.016949152542373,4673.328252489478,0.005391337543151971
e36f49e9-c215-41f3-8579-3f56481d91a6,,She Wolf,Shakira,0,9,9,8.0,3.9470338983050848,1155.490624008096,0.003878074518852775
ced408d9-b686-4aac-89f4-1e778cab0b48,,Fantasy,Mariah Carey,2,9,11,9.0,4.658898305084746,1922.1013744925592,0.005963092932468137
31990f0e-a62b-4577-ae31-21af514a5da0,,Come & Get It,Selena Gomez,3,10,13,8.0,4.061440677966102,2264.446624554019,0.0058172276373717954
ff9782e3-39da-45b0-b6ad-1e6b9dbc083a,,Supermodel (You Better Work),RuPaul,1,8,9,7.0,3.8686440677966103,3519.1326309974097,0.003764073962939757
66e342f1-ca85-4576-807d-8e3857d4f142,,Call Your Girlfriend,Robyn,2,10,12,8.0,4.362288135593221,1726.5300955600862,0.0053904973583327465
e787999f-46f5-4d97-9b46-11a3a9b0a2d5,,Say It Right,Nelly Furtado,2,10,12,8.0,3.934322033898305,5405.176626287781,0.005505638256053245
b4be7f77-bb4d-46ac-931a-1fe0f8b16a9e,,Something New,Girls Aloud,4,10,14,8.0,4.241525423728813,4145.638904327746,0.006058248165672791
7ed638fe-111c-4648-8a9d-eeaa891269ca,,Jealous Of My Boogie,RuPaul,1,9,10,7.0,3.88771186440678,1579.2744424862767,0.004348492320410342
3a28489d-5c4d-42e3-a2a5-b938dc41f535,,Maria,Blondie,0,10,10,9.0,6.862288135593221,3620.058782208779,0.008207721439494492
4fb07e4c-8a52-40e6-9529-bfb0af1e0643,,Empire,Shakira,1,7,8,9.0,4.635593220338983,2358.5519749928953,0.005130451455120609
a0842b4a-6b42-4a45-b309-48445b58333c,,Don't Hold Your Breath,Nicole Scherzinger,1,9,10,9.0,4.569915254237288,995.8469530492506,0.004551181140789235
5a4f0636-cb9d-4b73-8dec-44c9a5c433e6,,Moving on Up,M People,0,10,10,10.0,5.9258474576271185,2973.9398612662753,0.0077757523438840076
1bdb7353-ebb4-4e45-a948-a0c66edb421c,,I'm Outta Love,Anastacia,1,0,1,8.0,4.5826271186440675,0.0,6.858708427366363E-4
559d6bc0-003c-4aea-bb41-33206279b7aa,,Va Va Voom,Nicki Minaj,2,10,12,8.0,4.052966101694915,1550.494416183107,0.00464214695088598
216b0d95-63eb-4b85-b229-386c81d2434c,,All for You,Janet Jackson,2,9,11,8.0,4.076271186440678,2743.714423712772,0.004870226159041348
18cf702f-47b5-4541-9acf-c1ea315512ff,,I'm Like a Bird,Nelly Furtado,3,10,13,8.0,4.120762711864407,5630.045983293315,0.006365387469187546
0d2853b3-2dfc-4739-b5f1-1266b0e7084a,,True Colors,Cyndi Lauper,0,10,10,9.0,6.209745762711864,2500.0422016785246,0.006578302446854182
8f2334a3-ead8-4a05-91e3-55ed83a13cab,,Poison,Nicole Scherzinger,1,9,10,8.0,4.0826271186440675,1095.6510960139244,0.0035963777897984697
99d8a9bc-8e9b-4c83-8c8c-7cbd06d2bd8b,,Call My Name,Cheryl Cole,3,10,13,8.0,4.108050847457627,2824.3897092138727,0.004843863232975582
0088e5ea-5540-4685-849e-1e40fa624c8c,,Someone Else,Miley Cyrus,1,8,9,8.0,4.252118644067797,446.3603538592508,0.0034581098555210993
d9d58427-9b6c-4e2c-babb-114d8fc35034,,Self Control,Laura Branigan,2,10,12,10.0,6.411016949152542,3553.7432069319507,0.00921163730367269
9855f2d9-3720-4052-a3b0-181682666a7f,,Vibeology,Paula Abdul,1,10,11,7.0,3.9237288135593222,23335.453165874493,0.0058906866196074825
092e42a4-c8f5-4837-9663-8a50405a3896,,Everytime We Touch,Cascada,2,9,11,9.0,5.25635593220339,2983.8496586581214,0.007625765158423613
7e742abc-2a23-4f0c-b638-4be8c299bf57,,Turn Back Time,Aqua,0,10,10,8.0,4.654661016949152,3616.6570979695466,0.0056498354152005
071fa60b-652a-4d67-b7e4-58a63a1bbe6f,,Black or White,Michael Jackson,0,9,9,7.0,3.98728813559322,3582.0415595228883,0.005971981175996308
fe872d20-f73b-47f0-9c26-cc080e994582,,#GETITRIGHT,Miley Cyrus,1,8,9,8.0,4.141949152542373,449.6639424957901,0.003341669874583385
c0b63ecd-2ef3-4118-910b-4063ba00d6bd,,I Turn to You,Melanie C,4,10,14,9.0,4.694915254237288,1656.9830806602695,0.005518056621021749
60fe129c-4409-4069-9262-bb6f2277e299,,When I Grow Up,The Pussycat Dolls,2,10,12,8.0,4.154661016949152,1140.930122790864,0.004054984940716456
c7677cc2-9d61-4b8e-bfa4-43472f94acd5,,I Begin To Wonder,Dannii Minogue,4,10,14,8.0,4.260593220338983,3115.3812038828924,0.005826896628060348
331a1f4a-025d-4bbf-9239-d29d0f65becb,,Nothing in This World,Paris Hilton,1,9,10,8.0,4.108050847457627,4263.0947478396065,0.005357815198830513
13d21923-f9da-4015-bb75-29839cd2b2a4,,Never Ever,All Saints,3,10,13,8.0,4.34957627118644,4924.227289724574,0.0068667240416099805
66402dcb-9bda-41d4-a3ad-a5f6550b9db4,,Buttons,The Pussycat Dolls,3,9,12,8.0,4.088983050847458,1563.6049196998113,0.004604268675678133
120bab80-2c7d-410e-9bc7-8aa3e5e5665f,,I Wanna Dance with Somebody,Whitney Houston,0,10,10,9.0,5.557203389830509,2127.9017497544132,0.006217267802016924
24f0414a-fb48-41ba-a32d-f8a498c6bb59,,Get Over You,Sophie Ellis-Bextor,2,10,12,8.0,4.137711864406779,2969.6036292888275,0.005547623580365651
058a23e8-7631-4be7-980d-41133c499939,,Get the Party Started,P!nk,0,0,0,0.0,0.0,0.0,3.1702418416080223E-4
208e92ab-42f0-44b3-8c03-5872944ce891,,Thank You,Dido,2,10,12,8.0,4.362288135593221,2103.1083701851626,0.005507044640501984
69b29ef5-ac32-4302-a563-95b9ea7f24fa,,New York City Boy,Pet Shop Boys,0,10,10,7.0,4.008474576271187,2203.595160821571,0.00495730626972242
12994b02-ce90-409a-a819-9500d5d2b38e,,Bailamos,Enrique Iglesias,1,10,11,9.0,5.190677966101695,2826.574025974026,0.00765548336317135
69538706-6845-42ea-88b8-c7e092bc3e3d,,Mirrors,Natalia Kills,0,10,10,8.0,4.4173728813559325,2875.8569010255633,0.005948707535389713
828cdb5a-353a-404c-b059-cbf61829918a,,Why,Annie Lennox,0,9,9,8.0,4.940677966101695,4028.910731801532,0.0073287857650365445
3805b6a9-291c-4315-bca0-0b96c01c7ef7,,Undercover,Selena Gomez,3,8,11,8.0,4.260593220338983,2773.6780178073723,0.004920140923501939
e0b200af-4b81-4f0b-8a5f-87a9e094cb42,,Straight Up,Paula Abdul,3,10,13,8.0,4.654661016949152,20977.238248127876,0.00808124153228618
6e0eb323-251d-492c-8dd1-10c3b808266c,,Pure Shores,All Saints,2,10,12,8.0,4.387711864406779,3264.331281394008,0.0069415152638846265
e61ec431-92fa-4119-8ccc-86f228e5d9c4,,Venus,Bananarama,3,10,13,9.0,5.508474576271187,7700.548101830921,0.008252947903183977
9705d5d9-d6c1-4cbe-bd3e-0c2601b3751a,,Never Be the Same Again,Melanie C,1,10,11,9.0,5.033898305084746,1204.096455581176,0.005008685243818882
1f0580b7-3bd5-4207-b3b6-c4c269dedcd2,,Release Me,Agnes,1,10,11,9.0,4.853813559322034,3482.390494581187,0.006671718763936747
b1abca18-f709-42d3-bfc7-b8fe07c583d3,,All Night,Icona Pop,1,10,11,8.0,4.112288135593221,2830.4242590131776,0.0058951656336017726
163735da-7d15-40c6-af4f-ee08350ca06d,,Evacuate the Dancefloor,Cascada,2,9,11,9.0,5.012711864406779,2239.166856016553,0.0059675602128332825
f62b6ad9-c0b1-42e5-bc8b-83be67d66789,,Look at Me,Geri Halliwell,5,10,15,9.0,4.565677966101695,2556.4571180854946,0.00665699182985918
434df0b1-3461-4f36-b2b7-c78bb3b02af3,,Acapella,Kelis,0,10,10,8.0,4.262711864406779,1758.1545085816751,0.00488413740828638
91b5754c-2e9c-4b71-8a8d-3b1f51774b7e,,Rumors,Lindsay Lohan,1,9,10,9.0,4.9025423728813555,3312.0932474388355,0.0071390647584860705
6a7e4552-ed19-4513-9586-e949c486ec9f,,Unwritten,Natasha Bedingfield,1,10,11,8.0,4.690677966101695,2886.2929614245404,0.007118840455600589
15e40966-6cbb-473c-97fc-362de81f95d9,,Cry For You,September,3,10,13,8.0,4.391949152542373,7338.923530235476,0.007423233239434324
59cd7586-f768-4ae1-9bed-c17bce2dea9d,,Slave to the Rhythm,Michael Jackson,0,7,7,9.0,4.5190677966101696,1892.5627514161442,0.0043647254999123345
032658ec-a0cb-479b-af00-33bdf275b8e6,,It's All Coming Back to Me Now,Céline Dion,0,10,10,6.0,4.125,9979.712804481536,0.007074233988270581
6c4dc807-4073-4b0a-88e1-1cf6cb993413,,On the Metro,Girls Aloud,2,10,12,8.0,4.608050847457627,1788.8297168253403,0.005605658871010736
0398acc1-ffdd-40c5-9443-dacae38fc15f,,Physical,Olivia Newton-John,1,10,11,10.0,6.408898305084746,3298.0333333333324,0.0082534517753839
01b13dbc-416e-4c71-84e2-cfe2875c296a,,Here with Me,Dido,0,10,10,8.0,4.432203389830509,2510.179271115336,0.005782057349623577
7e9749da-3c2f-42b3-a285-e66841924a79,,Grown Woman,Beyoncé,0,9,9,8.0,4.209745762711864,1635.5088549542077,0.0043148454014842975
13194c93-89c6-4ab4-aaf2-15db5d73b74e,,,,8,0,8,6.0,3.652542372881356,10157.19702464063,0.003750205118723529
a3fa6ee1-598d-4f06-a89d-ee2660eaeef3,,,,4,0,4,8.0,4.158898305084746,235.16153295120353,0.0018781643866605895
379f760d-1f29-4317-ab04-06a8218a874d,,,,1,0,1,9.0,5.072033898305085,0.0,7.826145313024733E-4
17e5415a-4448-48b7-a8aa-93f1f7bf5af2,,,,1,0,1,9.0,5.072033898305085,0.0,7.826145313024733E-4
33da1c5c-e177-4e70-ab30-58061a300121,,,,1,0,1,9.0,5.072033898305085,0.0,7.826145313024733E-4
13359cbb-e3b2-4d01-886c-085173f45471,,,,7,0,7,8.0,4.088983050847458,1126.234119550285,0.0033128370552204522
1f41baad-817c-4e8d-81ea-9baae2589678,,,,2,0,2,7.0,4.319915254237288,113.66468253968256,0.001148978448573082
35966105-5196-460a-b58f-865c3f3d36b8,,,,1,0,1,9.0,5.072033898305085,0.0,7.826145313024733E-4
5fa29b31-c159-43f4-83a3-5862f6e45dc6,,,,2,0,2,8.0,4.406779661016949,23.670634920634924,0.00111736585325037
d452127a-e5ed-4b58-97db-54a2426b7e45,,,,5,0,5,8.0,4.13135593220339,193.64944293031942,0.0021426388624386735
575d4e21-9d41-43e3-a001-1df583de26fa,,,,4,0,4,8.0,3.989406779661017,798.6208629009261,0.0019331338790753113
82822f34-826d-4316-a8f0-d48a96067009,,,,2,0,2,9.0,4.6758474576271185,0.0,0.0010704524271500059
26918716-9365-4f4a-991f-241ffc350628,,,,4,0,4,9.0,4.5275423728813555,173.99405253874895,0.0018865250926399788
1757d48d-1979-4e2d-a373-24405c5431c3,,,,1,0,1,7.0,4.453389830508475,0.0,6.833881014314111E-4
f90fa723-9d8f-4260-9e03-34778e0ea7d1,,,,11,0,11,7.0,3.8665254237288136,2798.5381027571216,0.004472274159930132
307e8e3a-1910-4ccd-a25e-38f14ff750cf,,,,8,0,8,7.0,4.09957627118644,882.1818962582526,0.0032932331482250503
9040f037-eeb5-4b07-8ff2-2e04c707eff7,,,,1,0,1,8.0,4.565677966101695,0.0,6.673138431989337E-4
1ba71ace-1957-4f6c-a8eb-82834418cb76,,,,1,0,1,8.0,4.565677966101695,0.0,6.673138431989337E-4
dd0e6c05-2af1-4d8a-9262-2d227e25497d,,,,9,0,9,8.0,4.002118644067797,290.58200693651804,0.003459232461082906
617dfc80-eb78-4f54-bdc2-39412dacd7b3,,,,8,0,8,8.0,4.0190677966101696,400.7919635121299,0.003156055525323686
bbc597dd-dc54-4187-ab2e-9a72f046f0fd,,,,3,0,3,8.0,4.512711864406779,1221.7305911014073,0.0018787993936867438
e3ef4615-2dd3-4323-8ce8-1ac2de21d8c9,,,,1,0,1,8.0,4.648305084745763,0.0,7.362694727713862E-4
2a3e8a48-e484-4f7b-83c7-c221b45c1d76,,,,6,0,6,8.0,4.052966101694915,1030.4061026607749,0.0029444315598351582
da40ede7-cacb-40ca-8873-fe8bb7eba844,,,,1,0,1,9.0,4.805084745762712,0.0,6.631815208720275E-4
380ea711-6165-4cef-9cef-d5c6a3ecd947,,,,1,0,1,9.0,4.805084745762712,0.0,6.631815208720275E-4
0ddf2623-3285-48b7-b9a1-f6b1ed01ee65,,,,2,0,2,9.0,4.694915254237288,7.924583298240006,0.0010435315739943797
092209df-3c10-44ce-b341-c01476399277,,,,5,0,5,8.0,4.2309322033898304,107.91487349978603,0.002108227573184099
2bdc4a1e-2ac9-4984-9300-5e1d95430795,,,,2,0,2,8.0,4.296610169491525,0.0,9.875973540990782E-4
fbe1d07d-e1de-4163-83bc-8ad80dce65bc,,,,1,0,1,8.0,5.057203389830509,0.0,8.169735253871233E-4
4c0f35d4-b53c-4334-b973-43ac9299e6b0,,,,1,0,1,8.0,5.057203389830509,0.0,8.169735253871233E-4
0ec4e51b-a944-4a85-be1b-7e49f52a360a,,,,3,0,3,8.0,4.8559322033898304,1.8253968253968254,0.0017765552402280328
15d5edc1-3a20-4b2c-912b-e69dd8f6355d,,,,3,0,3,8.0,4.8559322033898304,1.8253968253968254,0.0017765552402280328
e014c0d8-ef43-4a74-bb8b-ee5b0e67749d,,,,2,0,2,8.0,4.862288135593221,0.0,0.0013084505659935
669e67a1-d4b0-4a0f-8b71-57720545a4f6,,,,1,0,1,8.0,5.057203389830509,0.0,8.169735253871233E-4
81cde6ab-8251-4e41-bd7a-a04b72ca36be,,,,1,0,1,8.0,5.057203389830509,0.0,8.169735253871233E-4
5d39d102-e948-4bef-85ef-705b81262092,,,,4,0,4,8.0,4.635593220338983,38.38790662821551,0.002382108286308091
55fb2435-c45d-4c86-bd7f-5a9d2140a30f,,,,1,0,1,8.0,5.057203389830509,0.0,8.169735253871233E-4
102519c2-d076-4aee-8189-c44b32e62da7,,,,3,0,3,8.0,4.317796610169491,312.28456455824886,0.0016319357102670192
0d286b5c-1745-4606-8e27-a7ad851a68bb,,,,4,0,4,8.0,4.146186440677966,179.53560732767866,0.0018787556299629208
8587d745-92a6-4882-b3c3-0f7308ac627a,,,,8,0,8,8.0,4.129237288135593,471.76370431693897,0.0033781144009096863
1fe9cded-3b48-48d4-bfc4-b07c269c63a1,,,,4,0,4,8.0,4.313559322033898,0.41428571428571426,0.0017821094219812605
0e3fd2b1-f79c-439f-9da1-a605032c2dce,,,,1,0,1,9.0,4.919491525423729,0.0,6.768323087969379E-4
001cfaaf-373a-48f7-8e5b-298662d97d76,,,,2,0,2,9.0,4.836864406779661,0.0,0.001034253245813862
a6ed5358-6ad7-422e-9be6-dbc49a02586c,,,,6,0,6,9.0,4.629237288135593,269.53076912199236,0.0026066034655373377
1599ed89-3ecd-44b2-ba42-0765b78beeb8,,,,4,0,4,9.0,4.688559322033898,791.5156712043104,0.0020210530315665355
7a0bce9a-11c7-49cd-807c-a5c406fa8265,,,,1,0,1,10.0,5.633474576271187,0.0,8.217526976587951E-4
b9bcf11e-c624-44b9-9fb5-a9d61c566ad4,,,,1,0,1,10.0,5.633474576271187,0.0,8.217526976587951E-4
6e470608-1cf4-4d48-8b2b-4d1b5ad68778,,,,1,0,1,10.0,5.633474576271187,0.0,8.217526976587951E-4
f43ef43d-b2ca-46a5-83ed-8efadefc3532,,,,3,0,3,9.0,5.4576271186440675,0.0,0.0017866148164103505
01ea95f9-0747-466e-a0ee-637826e2e96d,,,,3,0,3,9.0,5.4576271186440675,0.0,0.0017866148164103505
e5cab197-1faf-4b36-a4b6-3ef8f7324e92,,,,1,0,1,10.0,5.633474576271187,0.0,8.217526976587951E-4
286070ac-553b-4af9-91fe-5d88a4d20b75,,,,4,0,4,9.0,5.375,1439.1418947471618,0.002448013439611056
4177446c-1494-4e7e-b410-5572c5241bd9,,,,3,0,3,9.0,5.4576271186440675,0.0,0.0017866148164103505
5e20c9ed-4d14-46c6-b30b-8076c4f0e678,,,,3,0,3,9.0,4.72457627118644,7.080115506166171,0.0013387359739013374
d856575c-03e9-4261-a2de-1d174d225e49,,,,1,0,1,9.0,4.7309322033898304,0.0,6.952786790447935E-4
434db322-10b4-467a-897b-807c75ccb562,,,,4,0,4,8.0,4.184322033898305,87.3720893009859,0.0017323630221363828
14160cfc-1b6b-4d4a-a71f-f95b27e9c61d,,,,1,0,1,8.0,4.36864406779661,0.0,6.536571161459911E-4
2ff57d87-e97e-4c98-949c-ad44eaf04c3a,,,,3,0,3,9.0,4.529661016949152,314.04168616775,0.0015380898880168943
07a16134-927e-49b5-a0fc-0e751a6824dc,,,,2,0,2,8.0,4.561440677966102,503.7725136679884,0.0012143111724939458
d72332d5-f78d-465f-aa5a-b54f7fe70c28,,,,2,0,2,9.0,4.701271186440678,0.0,0.0013006183470469245
8a3b2b5e-af88-4ae7-9a59-7f3d0f84ffaa,,,,5,0,5,8.0,4.345338983050848,1161.8266052364622,0.0026791104030773182
539167ba-a704-4908-b25c-d07918294598,,,,4,0,4,8.0,4.233050847457627,1076.5868001769925,0.002019813371734509
184cc1e2-debf-43bb-9d50-5c058e5d22ee,,,,1,0,1,8.0,4.516949152542373,0.0,6.517755061086991E-4
89268d32-efd6-44c4-88e5-ba4c4db55103,,,,1,0,1,8.0,4.516949152542373,0.0,6.517755061086991E-4
6833643a-b2cd-4685-bc0f-e4d713750bf7,,,,10,0,10,7.0,4.108050847457627,2684.2770925458444,0.004219392532275549
8bf43939-e0a4-4de5-ac45-7482e1ffd6d1,,,,1,0,1,9.0,4.987288135593221,0.0,7.312546953294437E-4
219ab499-9531-4d94-b60e-62e2dcb80d8d,,,,4,0,4,9.0,4.703389830508475,184.19835349885457,0.0021896464073779993
0836ad5c-0cd8-4928-aefa-2175a5909c89,,,,5,0,5,9.0,4.591101694915254,135.77497137487504,0.0023962559406497737
aa40227e-c877-408d-b0b7-8e0a48db687b,,,,1,0,1,9.0,4.987288135593221,0.0,7.312546953294437E-4
16a45c0e-9bb9-4161-8d03-45dc3ffdb459,,,,5,0,5,9.0,4.591101694915254,135.77497137487504,0.0023962559406497737
56bf2435-46b8-4641-92bf-4fa25d6f325c,,,,2,0,2,10.0,6.171610169491525,0.0,0.0012818863029123574
17034ccb-6f4f-4443-b5aa-7eb38913629e,,,,1,0,1,10.0,6.177966101694915,0.0,7.97104042899242E-4
37802ece-2b2a-4042-a0a6-1b882be6cf7a,,,,2,0,2,10.0,6.171610169491525,0.0,0.0012818863029123574
7273ede7-d911-4847-b7e8-8b3b6807e515,,,,2,0,2,10.0,6.084745762711864,33.99999999999999,0.0014585026660999477
fbcb1038-6ae1-4f35-be9a-633def93da6d,,,,1,0,1,9.0,5.205508474576271,0.0,8.087855129438413E-4
18f6362f-3d3c-47f3-8999-037b46e58105,,,,1,0,1,9.0,5.205508474576271,0.0,8.087855129438413E-4
1e900597-9afc-4c9b-b861-396305743042,,,,1,0,1,9.0,5.205508474576271,0.0,8.087855129438413E-4
1c644d50-a251-4b14-aa5a-09eb0501083b,,,,1,0,1,9.0,5.205508474576271,0.0,8.087855129438413E-4
ef9f3da1-970e-438c-9e1c-b84ed2ca51b4,,,,1,0,1,10.0,6.177966101694915,0.0,8.018064441739178E-4
865a1edc-75b7-429a-aac2-30522fae80eb,,,,1,0,1,10.0,6.177966101694915,0.0,8.018064441739178E-4
22ae2174-d74b-465d-a7b0-427a41ecedcc,,,,5,0,5,9.0,4.483050847457627,232.53145370584664,0.0021440460064472357
1b1dff88-dc02-4ddb-93f0-9974b8e377d7,,,,1,0,1,9.0,4.959745762711864,0.0,6.744451211777264E-4
17032413-f6ce-41d2-a05b-2ad888962424,,,,1,0,1,9.0,4.959745762711864,0.0,6.744451211777264E-4
b68f5d07-5a02-4e43-b880-3a444a3b5561,,,,1,0,1,11.0,7.430084745762712,0.0,9.224089324014502E-4
f430ab5e-3581-4b9c-995c-21f5044647a9,,,,1,0,1,11.0,7.430084745762712,0.0,9.224089324014502E-4
038c4d4a-f5c1-47db-90c7-35b13514773a,,,,3,0,3,10.0,7.127118644067797,167.61666666666667,0.0021796358916278914
a8eddc06-8d0b-4856-9ea8-4ce6cb21facb,,,,2,0,2,10.0,7.194915254237288,0.0,0.0014816626445025678
392567e3-c5a4-4d94-8f6c-a6a2551ded3e,,,,2,0,2,10.0,7.194915254237288,0.0,0.0014816626445025678
33a072ee-541f-479d-b240-233635c736a1,,,,1,0,1,11.0,7.430084745762712,0.0,9.224089324014502E-4
f18215bb-965a-4fae-a578-165ee0a948e7,,,,5,0,5,9.0,5.529661016949152,3866.9833428298593,0.0031231878503336107
b36599ea-2316-47f4-92b6-6053eccefd8d,,,,1,0,1,11.0,7.430084745762712,0.0,9.224089324014502E-4
0e5cff19-87c0-478b-a7a4-db6550ec3799,,,,1,0,1,11.0,7.430084745762712,0.0,9.224089324014502E-4
401145f5-3f73-40ba-8a49-ae4666bef611,,,,2,0,2,10.0,7.194915254237288,0.0,0.0014816626445025678
6cbd2e2b-c869-43f2-93b3-1d3deb513196,,,,2,0,2,9.0,4.991525423728813,0.0,0.0010914826593238602
05800de6-c330-481c-9655-614f594d2ad1,,,,2,0,2,9.0,4.991525423728813,0.0,0.0010914826593238602
a65906cf-f469-410f-978b-bd532eaf21d6,,,,1,0,1,9.0,5.095338983050848,0.0,6.985306435690669E-4
7265976c-b461-4644-b84f-246f43a37db9,,,,1,0,1,9.0,5.330508474576271,0.0,8.685806148733746E-4
4214801b-ff63-445a-b1ea-5e640c6a7cda,,,,1,0,1,9.0,5.330508474576271,0.0,8.685806148733746E-4
6e4c8548-b7e4-4811-8720-abf576956ef8,,,,2,0,2,9.0,5.1758474576271185,0.0,0.0013754419594513533
091d16b3-1326-4420-9e45-f8e196764eca,,,,2,0,2,9.0,5.1758474576271185,0.0,0.0013754419594513533
f126ae7d-bfa3-4e07-a65f-5cadbf877088,,,,2,0,2,8.0,4.819915254237288,426.2811002722769,0.0013550250734605666
5f8bb72f-6745-4a0e-8122-2d72fa5a392b,,,,1,0,1,9.0,5.330508474576271,0.0,8.685806148733746E-4
9f00b0fb-2fa2-4712-84a2-c8a80ed6ed61,,,,1,0,1,9.0,5.330508474576271,0.0,8.685806148733746E-4
6a9c0b3f-9a29-42c3-8270-7a68f0b58c61,,,,3,0,3,9.0,4.544491525423729,249.20151158308704,0.0014343467970129844
a837a6a6-e5b9-481f-b23f-95038f005020,,,,1,0,1,10.0,5.523305084745763,0.0,7.671313749674656E-4
c0cb14be-fe7c-4a59-b684-31e6a670d0fd,,,,1,0,1,10.0,5.523305084745763,0.0,7.671313749674656E-4
202e1f87-172f-4bb0-bbee-06b18f125c92,,,,3,0,3,10.0,5.245762711864407,0.0,0.0015074115409301342
19233a62-c1d3-4af7-82ba-d2382d7e69f1,,,,2,0,2,9.0,4.942796610169491,9.305555555555555,0.0011474814280898178
ab8f4b6f-8ed7-4ee0-9fab-29611a8d49ac,,,,1,0,1,10.0,5.523305084745763,0.0,7.671313749674656E-4
4e67f9ac-8cf9-4427-938e-bad7bf33154f,,,,1,0,1,10.0,5.523305084745763,0.0,7.671313749674656E-4
047c268d-fe5b-4aaf-a20b-d7ff32145100,,,,1,0,1,10.0,5.328389830508475,0.0,6.921748432252124E-4
7eda7b08-2131-4785-8cdc-258167c905b5,,,,2,0,2,9.0,4.961864406779661,0.0,0.001050884402348792
948ca642-cd6f-412c-b94b-1e6c0d6a8014,,,,1,0,1,9.0,4.989406779661017,0.0,7.20900093551113E-4
050fcaa2-b384-4bda-9279-96e89e5fffb7,,,,1,0,1,9.0,4.989406779661017,0.0,7.20900093551113E-4
16e8d60b-44c2-46e7-afec-ff65a9191fc2,,,,2,0,2,9.0,4.677966101694915,57.75745481952577,0.0012326181936153629
01094cae-de10-4507-8e89-1d4ecac05865,,,,2,0,2,9.0,4.7775423728813555,12.545928395928396,0.001110879330525734
183b9e11-2143-42f9-bf04-b0ccf70458a4,,,,1,0,1,10.0,5.427966101694915,0.0,7.324861056391419E-4
59c04c0c-27e3-4b54-957b-33768222515d,,,,1,0,1,10.0,5.427966101694915,0.0,7.324861056391419E-4
bc74f604-6fbc-4731-8768-4ce236221b6e,,,,1,0,1,10.0,5.427966101694915,0.0,7.324861056391419E-4
4e6c0d85-da07-4761-9bce-13d5b526b40d,,,,2,0,2,9.0,5.3559322033898304,0.0,0.001088838139008878
78da678d-6964-4780-b175-651ae2108257,,,,3,0,3,9.0,5.182203389830509,0.0,0.0015039862559050367
d3ff2ae7-06e8-4386-8893-40437a779a7a,,,,2,0,2,9.0,5.3559322033898304,0.0,0.001088838139008878
21211852-ae80-4f49-b9f3-a31b847ec073,,,,1,0,1,9.0,5.411016949152542,0.0,7.070145266483377E-4
6cc4c11d-f298-40ef-88da-d6f0aa980c34,,,,2,0,2,9.0,5.3559322033898304,0.0,0.001088838139008878
1b25a1b2-c68c-4eb5-bef1-38ce5324c7b5,,,,2,0,2,9.0,5.226694915254237,0.0,0.0015343325315291213
37e7b205-fbb5-49aa-86e7-58e3dc33e480,,,,1,0,1,9.0,5.24364406779661,0.0,8.835639393968027E-4
f71230fa-664f-495a-a3fa-1e5a33ba9052,,,,1,0,1,9.0,5.24364406779661,0.0,8.835639393968027E-4
1101e63a-811c-4ce1-9ae1-39a9ed191f22,,,,1,0,1,9.0,5.24364406779661,0.0,8.835639393968027E-4
36114ff7-0d23-4fc5-8e47-f596f2ceae18,,,,1,0,1,9.0,5.24364406779661,0.0,8.835639393968027E-4
0f7a94a7-f37d-4e2a-833e-fc11094cd980,,,,2,0,2,9.0,5.226694915254237,0.0,0.0015343325315291213
fb6ee8ab-5c12-4a00-91f7-6caf0e10aa18,,,,1,0,1,9.0,4.9576271186440675,0.0,6.946425717968166E-4
1c9d96d4-db11-4b1c-9f7b-e9048b9a8347,,,,1,0,1,9.0,4.9576271186440675,0.0,8.28742284225052E-4
35832bf4-78aa-4af0-8b0c-072c3c8a9fd7,,,,1,0,1,9.0,4.9576271186440675,0.0,8.28742284225052E-4
dc5c8fdf-bb90-4f60-98a8-c667eef74ac3,,,,1,0,1,9.0,4.9576271186440675,0.0,8.28742284225052E-4
12971987-f859-491b-b9f9-9137c1681964,,,,2,0,2,9.0,4.7309322033898304,285.6941295546558,0.0013347231352846046
18587a60-bdd6-45bd-8a8c-156bcfa1d7c9,,,,2,0,2,9.0,4.813559322033898,448.2677796056718,0.001402355356566439
0aac7690-8b1e-4ebf-8cc4-e135155c09c7,,,,1,0,1,9.0,4.9576271186440675,0.0,8.28742284225052E-4
b35127eb-0696-40ae-bb08-8eb9d8c74cdd,,,,2,0,2,9.0,4.987288135593221,0.0,0.0010408632501826404
a5a4cfd5-d198-47f0-b807-c06d5e42ab82,,,,2,0,2,8.0,6.13135593220339,31.36270909173386,0.0013641482396585674
67cff384-b6f8-4aa8-a48b-48ec72740270,,,,2,0,2,8.0,6.13135593220339,31.36270909173386,0.0013641482396585674
a24737dc-710a-4096-bf47-6725122547e0,,,,3,0,3,8.0,6.040254237288136,3113.061617701895,0.002062121486783891
5154d031-7be6-4fb5-8181-5f7e57c96a4b,,,,2,0,2,8.0,6.13135593220339,31.36270909173386,0.0013641482396585674
c5942b89-3845-4585-a376-fd760e772fdf,,,,3,0,3,8.0,4.754237288135593,1300.743007536065,0.0018646357981942632
07a7fc00-eb3b-418b-bbd4-60ed4a0aaacf,,,,2,0,2,7.0,4.853813559322034,4356.687310316019,0.0014372563055870201
04865b70-9b53-4e8b-9fa7-de87552ac172,,,,1,0,1,8.0,6.158898305084746,0.0,8.355217182211609E-4
94919e82-b2c8-4b99-ae92-f70835d37413,,,,3,0,3,8.0,5.427966101694915,31.36270909173386,0.00189252200177817
288d8d0d-22fe-4ef7-9535-21ff5feafa5d,,,,3,0,3,8.0,6.055084745762712,820.9690245687617,0.0019234019517596849
e8eed0a7-edde-49b6-b488-b6d37394b25d,,,,1,0,1,9.0,6.031779661016949,0.0,0.001022801536420333
ffa9440d-2248-4249-b855-68d80c5120db,,,,1,0,1,9.0,6.031779661016949,0.0,0.001022801536420333
0efb98df-0b2d-45ca-ad72-182aa7af4f0d,,,,3,0,3,7.0,4.961864406779661,1483.2360072474758,0.002317354769209736
78dc2d67-1bec-4b8e-9476-edad6163380b,,,,1,0,1,9.0,6.031779661016949,0.0,0.001022801536420333
1addf60f-8058-41a7-ad12-2ff7bfe9e010,,,,1,0,1,9.0,6.031779661016949,0.0,0.001022801536420333
256c5c12-fb16-4599-9576-c5a57fb2e579,,,,2,0,2,7.0,5.029661016949152,511.1079092645013,0.001624536123786192
fc065b8f-5ceb-4a1e-b654-dfe240105485,,,,1,0,1,9.0,6.031779661016949,0.0,0.001022801536420333
1e98fbb0-7c35-490a-bbb7-62285336d32b,,,,1,0,1,9.0,6.031779661016949,0.0,0.001022801536420333
cd0b064f-fae4-4726-aa2e-047bd0d4b1e5,,,,1,0,1,9.0,6.031779661016949,0.0,0.001022801536420333
f17db8b2-7bb2-4fbf-9d91-605da6503154,,,,1,0,1,8.0,5.014830508474576,0.0,8.262361441118148E-4
3ae67fbd-9aad-4200-ba06-918167230b55,,,,1,0,1,8.0,5.014830508474576,0.0,8.262361441118148E-4
1811149e-73c0-4aa0-939d-d4c93ded6348,,,,1,0,1,8.0,5.014830508474576,0.0,8.262361441118148E-4
3b27dc8c-1e94-45f4-bb48-1e7dedc7ef7b,,,,1,0,1,8.0,5.014830508474576,0.0,8.262361441118148E-4
3f92b65d-4ead-4af0-9fad-217d926a0f32,,,,2,0,2,8.0,4.6525423728813555,1074.0645662776033,0.001222355678293934
6c932d96-bf88-4ce3-87a1-635fb390ed1a,,,,1,0,1,9.0,4.944915254237288,0.0,6.83283045737276E-4
5586e359-eb45-4215-aded-c2cf165cbd48,,,,1,0,1,9.0,4.944915254237288,0.0,6.83283045737276E-4
647f301c-6db8-4484-a9d4-d7b79e965dd0,,,,1,0,1,10.0,5.656779661016949,0.0,8.238855287387807E-4
00bf2a72-2ca3-4a18-8bf9-7178ab0e964d,,,,1,0,1,10.0,5.656779661016949,0.0,8.238855287387807E-4
e8a83629-a377-417c-9d64-ae02be53e4a5,,,,1,0,1,10.0,5.656779661016949,0.0,8.238855287387807E-4
32114abb-717c-4a95-9c18-6e44832c65d2,,,,1,0,1,9.0,5.059322033898305,0.0,6.973742372831545E-4
305c4cb3-0ceb-4dd7-b3ab-6a227294e478,,,,3,0,3,9.0,4.951271186440678,14.377380952380955,0.0014829887694329485
7f8b2ed4-fb94-454a-b03c-2e02c77e7d9d,,,,1,0,1,9.0,5.059322033898305,0.0,6.973742372831545E-4
2bd5e46d-edf5-4a34-84bb-913806676736,,,,2,0,2,9.0,5.002118644067797,10.767857142857146,0.001115558799784214
7630417f-60d8-4810-9da4-04441f259b6f,,,,1,0,1,8.0,4.866525423728813,0.0,7.169612856283897E-4
33c1e136-a784-47a3-9635-39549a42812f,,,,2,0,2,8.0,4.6059322033898304,251.7201940522112,0.0011724945091912947
094e2f8f-d620-415e-975b-66f06d1dcfe9,,,,1,0,1,9.0,5.360169491525424,0.0,6.988477965213424E-4
27271258-4919-4456-91ff-f6ceca3f2b71,,,,1,0,1,9.0,4.932203389830509,0.0,7.070034211354232E-4
6e9b0ed1-05ab-4a26-89c3-0cbf31085dfa,,,,1,0,1,9.0,4.932203389830509,0.0,7.070034211354232E-4
770e6be6-b2d4-41ce-b69e-ae070477d82a,,,,3,0,3,9.0,4.9025423728813555,111.99903702435677,0.001539258569012538
1795a939-37ef-479b-a6e7-5586de34f5c4,,,,3,0,3,9.0,4.858050847457627,0.0,0.0015206017958904776
374a7a48-3eef-4897-884e-c1d690662b6a,,,,4,0,4,9.0,4.805084745762712,16.703227931488804,0.0019074450636588215
823c7f6b-0bf3-4a50-b26a-e73849907791,,,,2,0,2,9.0,4.866525423728813,0.0,0.0010874389609756546
a5fb766a-1bde-4f29-8e21-536b2b574986,,,,2,0,2,9.0,5.2309322033898304,0.0,0.0011463065532577445
f385a3b8-a59f-467b-8d69-2aefe286f873,,,,2,0,2,9.0,5.2309322033898304,0.0,0.0011463065532577445
a8ad09b4-0606-42e5-9d7b-8d8daafbbe96,,,,1,0,1,8.0,4.885593220338983,0.0,6.866529095367955E-4
097ae7e7-5916-4797-967a-c31e2a9ea5c3,,,,1,0,1,8.0,4.885593220338983,0.0,6.866529095367955E-4
00599c5a-b181-46dd-92f6-752a2ee20d58,,,,1,0,1,10.0,7.860169491525424,0.0,0.0010149974312861256
00d4f237-01d0-4dc4-83c0-5b0e543d7eb8,,,,1,0,1,10.0,7.860169491525424,0.0,0.0010149974312861256
00772b99-31a1-4c71-8edf-5b0a7f6a2b8d,,,,1,0,1,10.0,7.860169491525424,0.0,0.0010149974312861256
0da14eba-ea5f-4e3d-be7e-a1e51c3ed003,,,,1,0,1,10.0,7.860169491525424,0.0,0.0010149974312861256
7d12d21b-bacd-480c-ac26-fc8b64b9e7cd,,,,1,0,1,10.0,7.860169491525424,0.0,0.0010149974312861256
022aee6e-5570-43b5-ab5e-b7ad975b71ea,,,,1,0,1,10.0,7.860169491525424,0.0,0.0010149974312861256
f9907df7-07b6-48cf-80be-aac44fdc741f,,,,1,0,1,10.0,7.860169491525424,0.0,0.0010149974312861256
125fc4ba-3106-46c0-967f-ce7ac9ac958e,,,,1,0,1,10.0,5.633474576271187,0.0,9.400899073912338E-4
68618da4-235e-4afc-99a2-46ff6e9b5621,,,,1,0,1,10.0,5.633474576271187,0.0,9.400899073912338E-4
498eb6fb-e438-4af0-9f49-e66dcc616e25,,,,1,0,1,10.0,5.633474576271187,0.0,9.400899073912338E-4
3bcd370b-c86f-44ab-8c08-1f2d6e6ff992,,,,1,0,1,10.0,5.633474576271187,0.0,9.400899073912338E-4
119eabbd-38f8-484e-9126-6bc571b3d1eb,,,,1,0,1,10.0,5.633474576271187,0.0,9.400899073912338E-4
8c1f4c3e-24f1-49f3-836e-19bbad1ce404,,,,3,0,3,9.0,4.906779661016949,7.512118437118435,0.001388188909724725
849b2dbc-c94e-432b-88a0-4d9932fab32e,,,,2,0,2,9.0,5.012711864406779,4.722130647130648,0.0010435200808913746
5d64ba4f-c317-4a30-9645-f7775ddb49d9,,,,2,0,2,9.0,5.076271186440678,2.78998778998779,0.0010485362807624969
961320dd-8e5a-4eee-826e-97a8c8f6353c,,,,1,0,1,10.0,5.567796610169491,0.0,7.038674519291465E-4
e3fd9b66-b660-4460-8e1f-44282136bf5c,,,,4,0,4,9.0,4.7923728813559325,567.1510443118733,0.0019552633291399415
b6dcc0a3-4ded-42b2-8dd8-9b48ceb32ad5,,,,1,0,1,11.0,6.923728813559322,0.0,9.78422807361508E-4
226aaeaf-f52e-40aa-ab65-7a1005f4556e,,,,1,0,1,11.0,6.923728813559322,0.0,9.78422807361508E-4
6f18aab1-e92f-4a1d-b744-547d1fe2bdcd,,,,2,0,2,9.0,5.802966101694915,699.5137983781458,0.001671241452785052
c876c7fa-6faf-434b-8449-df94b5e93b9f,,,,1,0,1,11.0,6.923728813559322,0.0,9.78422807361508E-4
fd4594da-20ea-49d7-96b7-0c69cd4d8597,,,,1,0,1,11.0,6.923728813559322,0.0,9.78422807361508E-4
36497e70-451e-4c51-b4f3-ffdf8e4b413e,,,,2,0,2,9.0,5.273305084745763,1231.450834807635,0.0014648672659487
02df5df9-bb92-4b57-9b4d-d03df372532c,,,,1,0,1,11.0,6.923728813559322,0.0,9.78422807361508E-4
79e3ef9f-43fe-4f4f-aebb-3ac3b46dac05,,,,1,0,1,11.0,6.923728813559322,0.0,9.78422807361508E-4
4677bae4-93b4-494f-a79a-676825f79c21,,,,1,0,1,9.0,5.0508474576271185,0.0,6.757337432843819E-4
0a95fa71-4eb5-4a08-8ddb-ffa327a1a238,,,,1,0,1,9.0,5.0741525423728815,0.0,7.769888634789868E-4
dff733e2-9476-48a7-919b-c76fed7ffb54,,,,1,0,1,9.0,5.0741525423728815,0.0,7.769888634789868E-4
59329447-a5a8-47ba-9480-5d6c590ce247,,,,1,0,1,9.0,5.0741525423728815,0.0,7.769888634789868E-4
0f7393dd-b355-49ce-b03a-32420686af69,,,,3,0,3,9.0,4.567796610169491,249.5515138381057,0.0015402829616013962
2d4b4877-0600-4c53-9e27-6b0120dcd6f9,,,,1,0,1,9.0,5.11864406779661,0.0,8.089038177194557E-4
de4109d0-75b6-4685-932c-b866bb17e4ab,,,,1,0,1,9.0,5.11864406779661,0.0,8.089038177194557E-4
0b0bb002-8b52-4ceb-bc67-e4c622f4d5d8,,,,2,0,2,9.0,5.103813559322034,0.0,0.0014140542708472367
43dcf53e-70b7-4fa5-ba66-49a27521fc97,,,,2,0,2,9.0,5.044491525423729,0.0,0.0012770084919539887
4e39970b-164b-4f44-8b93-28009ddefdf7,,,,1,0,1,10.0,7.2076271186440675,0.0,8.762778962619198E-4
3ada42d9-cb66-45e5-9d7c-bca2e38371fe,,,,1,0,1,10.0,7.2076271186440675,0.0,8.762778962619198E-4
89f4d849-1bf0-43bc-be30-eb3724042085,,,,1,0,1,9.0,5.1059322033898304,0.0,6.913194267935351E-4
093d0b21-5e17-4cc4-8a7d-713b4d6b45be,,,,2,0,2,9.0,5.122881355932203,0.41428571428571426,0.0010395090262531504
773bfc6a-3969-4637-9915-92b4eae7ebf5,,,,3,0,3,10.0,6.423728813559322,22.03333333333334,0.0022555292543748767
7e03a61b-fca4-4ecc-ad9c-4ddadcb69ec0,,,,1,0,1,11.0,7.408898305084746,0.0,9.693706169568984E-4
002c9787-fadd-4bb7-86ff-2787a0f366f8,,,,2,0,2,10.0,6.440677966101695,22.03333333333334,0.0015538955392309323
9f14332a-6cdf-4a3b-bbbf-94711396d293,,,,1,0,1,11.0,7.408898305084746,0.0,9.693706169568984E-4
cfe5245b-7813-421b-b380-264918db4222,,,,3,0,3,9.0,5.540254237288136,3376.74666458541,0.002082269301350535
48c5f2d6-7182-4b5b-97a6-0df261bbe534,,,,1,0,1,11.0,7.408898305084746,0.0,9.693706169568984E-4
6b44bc8b-226f-4806-b910-de87cd856034,,,,1,0,1,11.0,7.408898305084746,0.0,9.693706169568984E-4
0701596e-7626-4b15-bb7e-e63877fda786,,,,1,0,1,11.0,7.408898305084746,0.0,9.693706169568984E-4
e6fb80b5-e7ee-410b-8a80-15c619736177,,,,2,0,2,10.0,6.440677966101695,22.03333333333334,0.0015538955392309323
6f23d5a9-590f-4a52-b53d-964d0ba039d8,,,,1,0,1,11.0,7.408898305084746,0.0,9.693706169568984E-4
bf2d8750-7396-4f6f-9703-23522d60274c,,,,2,0,2,8.0,4.788135593220339,0.0,0.0013461382641339044
f9fb46ef-c9f8-481f-a8a2-c98e21a1fc5d,,,,1,0,1,8.0,4.921610169491525,0.0,8.177645020143018E-4
10899065-63cd-4365-a7a1-e158638fe338,,,,1,0,1,8.0,4.921610169491525,0.0,8.177645020143018E-4
dbbc6aad-99cf-45b2-a3e4-90d7afbf599b,,,,1,0,1,8.0,4.921610169491525,0.0,8.177645020143018E-4
9b5d8a7d-05fe-4f3d-ba09-2025858fb122,,,,1,0,1,8.0,4.921610169491525,0.0,8.177645020143018E-4
d3cc4ef9-6386-4932-be85-b64f7f4e9674,,,,1,0,1,10.0,6.254237288135593,0.0,9.652695994204912E-4
40a68514-b7b8-469d-a12c-9341484bc346,,,,1,0,1,10.0,6.254237288135593,0.0,9.652695994204912E-4
f69b39a6-8063-43a2-a604-52a2567c3878,,,,2,0,2,10.0,5.9809322033898304,42.079251567398146,0.0015288988938134906
944bd5e2-bb27-482b-a358-bad83ca61647,,,,1,0,1,10.0,6.254237288135593,0.0,9.652695994204912E-4
2f83a795-b784-413c-92d7-ae731ba69d25,,,,1,0,1,10.0,6.254237288135593,0.0,9.652695994204912E-4
344fd45c-4d5d-4caa-8e45-f5690af59238,,,,3,0,3,9.0,5.296610169491525,42.079251567398146,0.0021025119661548775
d8b9f15b-2e1a-47a9-9f5c-0eaa71f0275f,,,,1,0,1,10.0,6.254237288135593,0.0,9.652695994204912E-4
a63449b1-98b7-41da-8087-66fce7e70c0a,,,,1,0,1,10.0,6.254237288135593,0.0,9.652695994204912E-4
8cb0470b-6d7c-4f32-bf78-7ce1161e95a9,,,,1,0,1,9.0,5.6525423728813555,0.0,7.97256764843824E-4
185b1511-725f-4bfb-8c64-ef4b7e11b801,,,,1,0,1,9.0,5.6525423728813555,0.0,7.97256764843824E-4
74574855-25f8-47a2-8fc3-c981267a82d6,,,,2,0,2,9.0,5.495762711864407,49.257692307692295,0.001222982485082122
143c6b5f-f3c4-4da5-9b7c-1e67426d4e56,,,,2,0,2,9.0,5.495762711864407,49.257692307692295,0.001222982485082122
069c31c6-6259-4d14-ae49-94001db9ead9,,,,1,0,1,8.0,4.985169491525424,0.0,8.810565445334526E-4
0362e11d-068d-4a2c-bcb8-c51fbf86dfe8,,,,1,0,1,8.0,4.985169491525424,0.0,8.810565445334526E-4
d7decd27-2234-467a-a9e0-d608f04d75f3,,,,1,0,1,8.0,4.985169491525424,0.0,8.810565445334526E-4
096ae087-5cb2-41b6-a0e0-211d0fb0de68,,,,1,0,1,8.0,4.985169491525424,0.0,8.810565445334526E-4
20df1c71-6689-48ff-8b61-0ddd82970d5a,,,,1,0,1,8.0,4.985169491525424,0.0,8.810565445334526E-4
03305306-c822-48af-8b0e-f8605affecb1,,,,1,0,1,8.0,4.985169491525424,0.0,8.810565445334526E-4
f32f14a5-b701-4e97-9527-951289b55792,,,,2,0,2,9.0,5.444915254237288,0.0,0.0011691428129690562
d78b6ad1-dc18-411b-9674-5ed2173a6d8e,,,,2,0,2,10.0,5.552966101694915,0.0,0.0011786813216068195
5a9dcf68-fa3a-4c85-881a-cd954cf794d3,,,,1,0,1,10.0,5.692796610169491,0.0,7.434170927307581E-4
2122282b-2517-4780-af71-c468a22c142a,,,,1,0,1,10.0,5.692796610169491,0.0,7.434170927307581E-4
2a2a7d3f-e607-4554-881e-4ff32948ce0a,,,,1,0,1,9.0,5.258474576271187,0.0,7.672826974171851E-4
134333a8-359e-4e07-b674-c5280e70e808,,,,1,0,1,9.0,5.258474576271187,0.0,7.672826974171851E-4
1f1e917b-3279-4b7b-b410-078ca0b4dc50,,,,1,0,1,9.0,5.258474576271187,0.0,7.672826974171851E-4
382d8698-412d-4545-b162-30a30c5258e8,,,,2,0,2,9.0,5.038135593220339,0.0,0.0012025469262932466
ccb725d4-4d08-409a-8931-c1a9de76e3a8,,,,1,0,1,9.0,5.258474576271187,0.0,7.672826974171851E-4
35640f10-c6c5-47e6-a6c0-9974efa89d9c,,,,1,0,1,9.0,5.1059322033898304,0.0,8.230050352203548E-4
d8092bc4-dcf6-460d-8682-3d92cba0a750,,,,1,0,1,9.0,5.1059322033898304,0.0,8.230050352203548E-4
0cf94206-a008-4952-8118-29c4044bdbc0,,,,2,0,2,9.0,4.940677966101695,417.3610000328869,0.0013866343296133543
da0d5a8c-e481-4c15-af9f-b8cbee4da1f1,,,,1,0,1,9.0,5.1059322033898304,0.0,8.230050352203548E-4
03f2f3ea-ca53-4ea1-9d35-b3537375d91d,,,,1,0,1,9.0,5.3474576271186445,0.0,8.034686427479942E-4
b8df9c90-60cc-481a-87ac-a0b32cd810ab,,,,1,0,1,9.0,5.3474576271186445,0.0,8.034686427479942E-4
cfa459c1-a5de-4162-a9b4-399e6ad03687,,,,1,0,1,9.0,5.3474576271186445,0.0,8.034686427479942E-4
79ce78a3-eb08-45b8-8283-9de950c3347f,,,,2,0,2,9.0,5.305084745762712,0.0,0.0012951833155263365
e535ecc9-d85f-4948-8685-11bdc2d939c2,,,,1,0,1,9.0,5.086864406779661,0.0,6.728067664338521E-4
a9093305-9fe0-483b-9152-220b4ba58619,,,,1,0,1,10.0,6.555084745762712,0.0,8.456507055982087E-4
a720be88-d4cc-4a02-8747-79abe2cd0aa7,,,,1,0,1,10.0,6.555084745762712,0.0,8.456507055982087E-4
d0336c90-7275-4173-9005-de56364bf4ec,,,,1,0,1,9.0,5.135593220338983,0.0,7.099761999155954E-4
dde10a48-9202-4ca8-9c13-1dbf16b7a6cc,,,,2,0,2,8.0,4.7309322033898304,0.0,0.001131361930880845
f69e37c2-49bf-4901-8c69-25c5789c1a64,,,,2,0,2,9.0,5.341101694915254,1.8253968253968254,0.0012766058990017117
98300063-19d1-432e-a066-9e9f2869f242,,,,1,0,1,9.0,5.360169491525424,0.0,7.851288583953352E-4
047c06d0-ba86-486d-9505-9b49ebfbe6e4,,,,2,0,2,9.0,5.341101694915254,1.8253968253968254,0.0012766058990017117
9197af6d-8e52-4392-a84b-0d39e64f428b,,,,1,0,1,8.0,5.00635593220339,0.0,7.384099151260517E-4
62b563d2-25e6-4e32-bf46-8742025407ff,,,,1,0,1,8.0,5.00635593220339,0.0,7.384099151260517E-4
129b26bf-46bd-43b3-b4e2-eece40c05c77,,,,1,0,1,8.0,5.00635593220339,0.0,7.384099151260517E-4
41f12fab-79a2-4a5c-a504-0b8513de4744,,,,1,0,1,10.0,6.188559322033898,0.0,9.677927762931208E-4
66b1ac83-82db-43f8-abc5-0de17d3e8619,,,,1,0,1,10.0,6.188559322033898,0.0,9.677927762931208E-4
1fc1239e-f1a8-4943-bd20-af2bf9f06274,,,,1,0,1,10.0,6.188559322033898,0.0,9.677927762931208E-4
87633ab2-16c5-4351-975e-035ef2ac2a4e,,,,1,0,1,10.0,6.188559322033898,0.0,9.677927762931208E-4
1bfa9df8-05ad-4e82-9107-74d547eaf092,,,,1,0,1,10.0,6.188559322033898,0.0,9.677927762931208E-4
f7fb893a-4813-4c44-ae46-7fc12cf6df2b,,,,1,0,1,10.0,6.188559322033898,0.0,9.677927762931208E-4
6aae980b-0d40-43a5-8f50-e7e4d1190e9d,,,,1,0,1,9.0,5.415254237288136,0.0,8.226641312014038E-4
9453e7e5-9afe-4cc3-8f8c-14675fff15d4,,,,1,0,1,9.0,5.415254237288136,0.0,8.226641312014038E-4
e2e73025-490f-43a6-a4c1-84a695041b0c,,,,1,0,1,9.0,5.415254237288136,0.0,8.226641312014038E-4
73579cc7-6c2e-4f24-9762-92f94e15c836,,,,1,0,1,9.0,5.415254237288136,0.0,8.226641312014038E-4
8c5bd335-7c3d-4d35-a188-f79309b54571,,,,1,0,1,9.0,5.415254237288136,0.0,8.226641312014038E-4
3641d4c2-9a6a-4788-b0db-11046ded84ef,,,,1,0,1,9.0,5.415254237288136,0.0,8.226641312014038E-4
8408c60c-7685-4953-8f50-2154c409d920,,,,1,0,1,9.0,5.938559322033898,0.0,0.001009842829584346
67f968be-548f-498c-8606-ca9f190de7a5,,,,1,0,1,9.0,5.938559322033898,0.0,0.001009842829584346
0b76284e-1184-4a86-b299-d604a4a03f15,,,,1,0,1,9.0,5.938559322033898,0.0,0.001009842829584346
32403252-5b1f-420f-b3e5-5fd714d2af52,,,,1,0,1,9.0,5.938559322033898,0.0,0.001009842829584346
682113bb-a52c-4bc9-a3ee-43c67cbf55f7,,,,1,0,1,9.0,5.938559322033898,0.0,0.001009842829584346
80379ac8-7094-4a3b-9ddb-c0548dd83050,,,,1,0,1,9.0,5.938559322033898,0.0,0.001009842829584346
a14f852b-542f-489a-9234-d990ae32ce48,,,,1,0,1,9.0,5.258474576271187,0.0,7.352087466618617E-4
ac244104-27f1-45c2-85c7-66229f30f11b,,,,1,0,1,9.0,5.258474576271187,0.0,7.352087466618617E-4
71b5fe44-6f8d-4a78-9919-5e27c049fc52,,,,1,0,1,9.0,5.6525423728813555,0.0,8.453979462804048E-4
e93ce7d7-f3f7-4df2-8d91-7bc06884ef01,,,,1,0,1,9.0,5.6525423728813555,0.0,8.453979462804048E-4
83b869e0-5769-486e-be3f-12850efea087,,,,1,0,1,9.0,5.6525423728813555,0.0,8.453979462804048E-4
005fb1c4-5164-4ca2-a394-5a8193a1397d,,,,1,0,1,9.0,5.6525423728813555,0.0,8.453979462804048E-4
05e41a83-8b64-42ea-b92f-0b3cb57c9762,,,,1,0,1,9.0,5.385593220338983,0.0,8.087388569391445E-4
037427b3-f5ae-494d-9028-1f2c1d2be5b7,,,,2,0,2,9.0,5.114406779661017,63.65512737052563,0.001300215897545521
2014003a-1005-459c-bbb4-3f019588e03e,,,,1,0,1,9.0,5.385593220338983,0.0,8.087388569391445E-4
bdd50115-7b4f-452e-9835-c70efb1403fe,,,,1,0,1,9.0,5.385593220338983,0.0,8.087388569391445E-4
07bb293b-0246-4443-ae0b-893238193ff1,,,,1,0,1,9.0,5.385593220338983,0.0,8.087388569391445E-4
034dcaa7-66a7-4341-a273-8249c0d0dfb9,,,,1,0,1,10.0,6.50635593220339,0.0,9.015491064348361E-4
367d1c9a-eb31-4d0b-a5cd-4ffa4417d4fd,,,,1,0,1,10.0,6.50635593220339,0.0,9.015491064348361E-4
01957cbf-0929-43cd-aeab-dff97da1f2f8,,,,1,0,1,10.0,6.50635593220339,0.0,9.015491064348361E-4
1ec2a253-882a-401c-966a-24e889763b7d,,,,1,0,1,10.0,6.50635593220339,0.0,9.015491064348361E-4
0e447c89-077b-49c7-a493-e5477348763a,,,,2,0,2,9.0,5.358050847457627,0.0,0.0011780141332751618
92b48e65-78e5-4d18-b730-e960b99b43d3,,,,1,0,1,10.0,5.851694915254237,0.0,8.840986035760189E-4
4eb3872b-e180-4be1-8911-6f7cd8007ab1,,,,1,0,1,10.0,5.851694915254237,0.0,8.840986035760189E-4
2c84159f-a96d-4aac-8c3d-60b77139828e,,,,1,0,1,10.0,5.851694915254237,0.0,8.840986035760189E-4
2e5ba5f2-c5cc-4832-b073-654f571f658f,,,,1,0,1,10.0,5.851694915254237,0.0,8.840986035760189E-4
d035f78c-17e7-439c-9b47-df9a0d880647,,,,1,0,1,10.0,5.851694915254237,0.0,8.840986035760189E-4
3877733d-04b2-48db-ba72-fd7b0d6806ed,,,,1,0,1,9.0,5.110169491525424,0.0,7.725574077237071E-4
fc5968a2-9980-4ec8-b4dd-cb0a81c4d480,,,,1,0,1,9.0,5.110169491525424,0.0,7.725574077237071E-4
b9548807-0676-46cb-a147-c2b435f39b1b,,,,1,0,1,9.0,5.110169491525424,0.0,7.725574077237071E-4
9ef1ce5d-e2db-42d3-bc5b-603b60b024e2,,,,1,0,1,9.0,5.110169491525424,0.0,7.725574077237071E-4
be41e1f0-3939-4615-acb0-e5edd04cdb6a,,,,1,0,1,9.0,5.110169491525424,0.0,7.725574077237071E-4
03a3fe4b-7983-4d15-bdc7-e0e1760ca5f3,,,,1,0,1,10.0,6.010593220338983,0.0,8.806534785538016E-4
7ad4e0db-96cd-41cf-9d19-ded41cd5cc77,,,,1,0,1,10.0,6.010593220338983,0.0,8.806534785538016E-4
8cfbc3f7-99e5-4c16-b360-149f46736944,,,,1,0,1,10.0,6.010593220338983,0.0,8.806534785538016E-4
03a61094-ed0a-48df-88c5-f5bbc0cdff93,,,,1,0,1,10.0,5.563559322033898,0.0,7.522884130368637E-4
3dec0caf-2a0e-47fe-b845-37ebc6773f0a,,,,1,0,1,10.0,5.563559322033898,0.0,7.522884130368637E-4
3a1cd0fb-7fc3-4095-9e78-e4ed58b11eae,,,,1,0,1,10.0,5.563559322033898,0.0,7.522884130368637E-4
54372710-58e2-4924-991f-c7c6c14061d9,,,,1,0,1,9.0,5.260593220338983,0.0,7.321723010569609E-4
691042e6-71ae-4fdd-aba9-f1b40b6230e3,,,,1,0,1,9.0,5.260593220338983,0.0,7.321723010569609E-4
2b4576d5-5719-4bfe-aa8f-18174eb0b5d5,,,,1,0,1,9.0,5.260593220338983,0.0,7.321723010569609E-4
1463754c-844e-478e-aec4-41de2719e98f,,,,1,0,1,10.0,5.90042372881356,0.0,9.914012661560202E-4
2c2a77de-053f-4054-989a-eba8d5090104,,,,1,0,1,10.0,5.90042372881356,0.0,9.914012661560202E-4
367403ec-8ef5-48cc-8bf2-c04e01e90340,,,,1,0,1,10.0,5.90042372881356,0.0,9.914012661560202E-4
92458319-5c62-4e9e-b803-1cbca865117f,,,,1,0,1,10.0,5.90042372881356,0.0,9.914012661560202E-4
0b364cff-7428-4ac1-882b-b61b60ba2794,,,,1,0,1,10.0,5.90042372881356,0.0,9.914012661560202E-4
e4a55be3-8a90-45f4-b222-8f6d2fadc3dd,,,,1,0,1,10.0,5.90042372881356,0.0,9.914012661560202E-4
6d6a6a10-7206-41ed-9a84-74bb53ebce49,,,,1,0,1,10.0,5.90042372881356,0.0,9.914012661560202E-4
073856b6-c9f7-4cea-a6eb-e65649d8c95e,,,,1,0,1,9.0,5.688559322033898,0.0,9.221746372885832E-4
063e87a6-14cc-429d-859c-7ae873896ce2,,,,1,0,1,9.0,5.688559322033898,0.0,9.221746372885832E-4
ea41aa0b-d604-437c-b31d-a442981a9e3f,,,,1,0,1,9.0,5.688559322033898,0.0,9.221746372885832E-4
166b84d6-a912-4534-8de9-248364331c1c,,,,1,0,1,9.0,5.688559322033898,0.0,9.221746372885832E-4
682b7f3d-7f17-4d6d-bc9c-fab343e48cc1,,,,1,0,1,9.0,5.688559322033898,0.0,9.221746372885832E-4
59578323-598d-4ae0-af1d-9a73eae7ddfd,,,,1,0,1,9.0,5.688559322033898,0.0,9.221746372885832E-4
520b07d4-eda4-48e3-a5a5-7e2c28cb92a4,,,,1,0,1,9.0,5.389830508474576,0.0,8.906372565021893E-4
37ab95cc-a8e0-464e-b57e-26be822ab356,,,,1,0,1,9.0,5.389830508474576,0.0,8.906372565021893E-4
c4ca96b5-cae3-4c1a-b90b-d93bc24a6351,,,,1,0,1,9.0,5.389830508474576,0.0,8.906372565021893E-4
efed0d66-4e63-4185-bccf-5979c464c0f6,,,,1,0,1,9.0,5.389830508474576,0.0,8.906372565021893E-4
df3c524b-28ab-4165-8257-eb1baecfa6df,,,,1,0,1,9.0,5.389830508474576,0.0,8.906372565021893E-4
ce922548-f53a-4e4d-97c3-4c7afecbfcd6,,,,1,0,1,10.0,5.516949152542373,0.0,8.470327573920952E-4
14c76b33-3098-4f96-a8de-a85227bbda74,,,,1,0,1,10.0,5.516949152542373,0.0,8.470327573920952E-4
21a17652-d4c5-4403-bff4-2715e7c60022,,,,1,0,1,10.0,5.516949152542373,0.0,8.470327573920952E-4
047050b7-cacf-4d2a-8bd1-50dae6db9d01,,,,1,0,1,10.0,5.516949152542373,0.0,8.470327573920952E-4
043059a4-3b6c-4e55-9d7d-9331cc437095,,,,1,0,1,7.0,5.122881355932203,0.0,9.187587715266614E-4
9f5bac56-1521-4d43-8552-7579fd122f46,,,,1,0,1,7.0,5.122881355932203,0.0,9.187587715266614E-4
fa9c2240-9c9e-4d7a-a24a-cc1807ad2a10,,,,1,0,1,7.0,5.122881355932203,0.0,9.187587715266614E-4
82f3c61a-3c15-4943-8c76-ed1e230262c7,,,,1,0,1,7.0,5.122881355932203,0.0,9.187587715266614E-4
65d1cc1d-c33d-4b4c-99c7-bb9d3f0c4ab7,,,,1,0,1,7.0,5.122881355932203,0.0,9.187587715266614E-4
4e2edf87-5df7-42ae-8907-5e9072f0f817,,,,1,0,1,9.0,5.6059322033898304,0.0,7.501870190756251E-4
887e2b96-aeed-4c41-8127-4709c8a1b066,,,,1,0,1,9.0,5.6059322033898304,0.0,7.501870190756251E-4
87148f86-c85e-448d-8828-a0a6ac6b6b80,,,,1,0,1,9.0,5.6059322033898304,0.0,7.501870190756251E-4
2ce46ecf-2dec-4a9e-96dd-93963ea3b1bd,,,,1,0,1,11.0,7.406779661016949,0.0,0.0010186578993047466
2676a4ec-e813-4521-9ac2-4158eb98e386,,,,1,0,1,11.0,7.406779661016949,0.0,0.0010186578993047466
2230fbba-5ceb-4c1c-b2f7-82ed92c5f2d9,,,,1,0,1,11.0,7.406779661016949,0.0,0.0010186578993047466
a89766bb-10b1-42c7-9b05-fab5fde34026,,,,1,0,1,11.0,7.406779661016949,0.0,0.0010186578993047466
27d8e7e9-011d-4207-89b4-61628f3623cd,,,,1,0,1,11.0,7.406779661016949,0.0,0.0010186578993047466
0238ea6f-08f8-4a08-b7c6-cbae96b7e73b,,,,1,0,1,11.0,7.406779661016949,0.0,0.0010186578993047466
02c4e065-0702-4fd6-a2c5-61544abb4fe8,,,,1,0,1,11.0,7.406779661016949,0.0,0.0010186578993047466
a7d582b1-9749-49f7-8179-477dd6a3d6a0,,,,1,0,1,9.0,5.430084745762712,0.0,8.085012247671788E-4
154c3fa1-96b1-4fbb-9b0b-2a0ea4bd6166,,,,1,0,1,9.0,5.430084745762712,0.0,8.085012247671788E-4
2a79725a-06d2-4d45-b222-3d09ac4d7c8b,,,,1,0,1,9.0,5.2076271186440675,0.0,7.245357000101616E-4
c54734b9-984f-48d3-be19-dd91620e4553,,,,1,0,1,9.0,5.2076271186440675,0.0,7.245357000101616E-4
18c5d24e-404f-454a-b3f2-5eb6769bc3fe,,,,1,0,1,9.0,5.2076271186440675,0.0,7.245357000101616E-4
